,year,month,day,date,epochTime,raw_value,NaN,isodate,value.avg
0,2004,1,29,01/29/2004,1075334400,0.7740328311920166,75.0,01/29/2004,0.7740328311920166
1,2004,2,5,02/05/2004,1075939200,0.29143062233924866,75.0,02/05/2004,0.29143062233924866
2,2004,2,12,02/12/2004,1076544000,-0.046424441039562225,75.0,02/12/2004,-0.046424441039562225
3,2004,2,19,02/19/2004,1077148800,0.4544224441051483,75.0,02/19/2004,0.4544224441051483
4,2004,2,26,02/26/2004,1077753600,0.18002960085868835,75.0,02/26/2004,0.18002960085868835
5,2004,3,4,03/04/2004,1078358400,0.2879697382450104,75.0,03/04/2004,0.2879697382450104
6,2004,3,11,03/11/2004,1078963200,-0.14030982553958893,75.0,03/11/2004,-0.14030982553958893
7,2004,3,18,03/18/2004,1079568000,-0.8107447624206543,75.0,03/18/2004,-0.8107447624206543
8,2004,3,25,03/25/2004,1080172800,-0.9819948077201843,75.0,03/25/2004,-0.9819948077201843
9,2004,4,1,04/01/2004,1080777600,-0.9662843346595764,75.0,04/01/2004,-0.9662843346595764
10,2004,4,8,04/08/2004,1081382400,-0.6416154503822327,75.0,04/08/2004,-0.6416154503822327
11,2004,4,15,04/15/2004,1081987200,0.16253304481506348,75.0,04/15/2004,0.16253304481506348
12,2004,4,22,04/22/2004,1082592000,-0.07277623564004898,75.0,04/22/2004,-0.07277623564004898
13,2004,4,29,04/29/2004,1083196800,-0.861339807510376,75.0,04/29/2004,-0.861339807510376
14,2004,5,6,05/06/2004,1083801600,-1.2242268323898315,75.0,05/06/2004,-1.2242268323898315
15,2004,5,13,05/13/2004,1084406400,-0.8757094144821167,75.0,05/13/2004,-0.8757094144821167
16,2004,5,20,05/20/2004,1085011200,-0.18557119369506836,75.0,05/20/2004,-0.18557119369506836
17,2004,5,27,05/27/2004,1085616000,0.7435128688812256,75.0,05/27/2004,0.7435128688812256
18,2004,6,3,06/03/2004,1086220800,0.6947241425514221,75.0,06/03/2004,0.6947241425514221
19,2004,6,10,06/10/2004,1086825600,0.15797406435012817,75.0,06/10/2004,0.15797406435012817
20,2004,6,17,06/17/2004,1087430400,0.21052269637584686,75.0,06/17/2004,0.21052269637584686
21,2004,6,24,06/24/2004,1088035200,-0.6564772129058838,75.0,06/24/2004,-0.6564772129058838
22,2004,7,1,07/01/2004,1088640000,-1.1926681995391846,75.0,07/01/2004,-1.1926681995391846
23,2004,7,8,07/08/2004,1089244800,-1.2050209045410156,75.0,07/08/2004,-1.2050209045410156
24,2004,7,15,07/15/2004,1089849600,-1.488808512687683,75.0,07/15/2004,-1.488808512687683
25,2004,7,22,07/22/2004,1090454400,-1.2749313116073608,75.0,07/22/2004,-1.2749313116073608
26,2004,7,29,07/29/2004,1091059200,-1.11074960231781,75.0,07/29/2004,-1.11074960231781
27,2004,8,5,08/05/2004,1091664000,-0.8605564832687378,75.0,08/05/2004,-0.8605564832687378
28,2004,8,12,08/12/2004,1092268800,-0.33911389112472534,75.0,08/12/2004,-0.33911389112472534
29,2004,8,19,08/19/2004,1092873600,-2.0342915058135986,75.0,08/19/2004,-2.0342915058135986
30,2004,8,26,08/26/2004,1093478400,-1.4016262292861938,75.0,08/26/2004,-1.4016262292861938
31,2004,9,2,09/02/2004,1094083200,-1.4997589588165283,75.0,09/02/2004,-1.4997589588165283
32,2004,9,9,09/09/2004,1094688000,-1.255402684211731,75.0,09/09/2004,-1.255402684211731
33,2004,9,16,09/16/2004,1095292800,0.879955530166626,75.0,09/16/2004,0.879955530166626
34,2004,9,23,09/23/2004,1095897600,0.7124931812286377,75.0,09/23/2004,0.7124931812286377
35,2004,9,30,09/30/2004,1096502400,0.004618254490196705,75.0,09/30/2004,0.004618254490196705
36,2004,10,7,10/07/2004,1097107200,-0.47013261914253235,75.0,10/07/2004,-0.47013261914253235
37,2004,10,14,10/14/2004,1097712000,-0.9323319792747498,75.0,10/14/2004,-0.9323319792747498
38,2004,10,21,10/21/2004,1098316800,-1.9170204401016235,75.0,10/21/2004,-1.9170204401016235
39,2004,10,28,10/28/2004,1098921600,-1.2622144222259521,75.0,10/28/2004,-1.2622144222259521
40,2004,11,4,11/04/2004,1099526400,-0.7455547451972961,75.0,11/04/2004,-0.7455547451972961
41,2004,11,11,11/11/2004,1100131200,-0.7358725070953369,75.0,11/11/2004,-0.7358725070953369
42,2004,11,18,11/18/2004,1100736000,0.4125371277332306,75.0,11/18/2004,0.4125371277332306
43,2004,11,25,11/25/2004,1101340800,0.5772461295127869,75.0,11/25/2004,0.5772461295127869
44,2004,12,2,12/02/2004,1101945600,1.0156912803649902,75.0,12/02/2004,1.0156912803649902
45,2004,12,11,12/11/2004,1102723200,1.593705654144287,75.0,12/11/2004,1.593705654144287
46,2004,12,18,12/18/2004,1103328000,1.559697151184082,75.0,12/18/2004,1.559697151184082
47,2004,12,25,12/25/2004,1103932800,0.44736167788505554,75.0,12/25/2004,0.44736167788505554
48,2005,1,1,01/01/2005,1104537600,-0.14496631920337677,75.0,01/01/2005,-0.14496631920337677
49,2005,1,8,01/08/2005,1105142400,0.25971469283103943,75.0,01/08/2005,0.25971469283103943
50,2005,1,15,01/15/2005,1105747200,-0.2790156900882721,75.0,01/15/2005,-0.2790156900882721
51,2005,1,22,01/22/2005,1106352000,-0.34775403141975403,75.0,01/22/2005,-0.34775403141975403
52,2005,1,29,01/29/2005,1106956800,0.15714864432811737,75.0,01/29/2005,0.15714864432811737
53,2005,2,5,02/05/2005,1107561600,-0.9705391526222229,75.0,02/05/2005,-0.9705391526222229
54,2005,2,12,02/12/2005,1108166400,-1.5066033601760864,75.0,02/12/2005,-1.5066033601760864
55,2005,2,19,02/19/2005,1108771200,-1.1739481687545776,75.0,02/19/2005,-1.1739481687545776
56,2005,2,26,02/26/2005,1109376000,-1.234668493270874,75.0,02/26/2005,-1.234668493270874
57,2005,3,5,03/05/2005,1109980800,-0.6519711017608643,75.0,03/05/2005,-0.6519711017608643
58,2005,3,12,03/12/2005,1110585600,-0.4078006148338318,75.0,03/12/2005,-0.4078006148338318
59,2005,3,19,03/19/2005,1111190400,-0.549562394618988,75.0,03/19/2005,-0.549562394618988
60,2005,3,26,03/26/2005,1111795200,-0.7761350870132446,75.0,03/26/2005,-0.7761350870132446
61,2005,4,2,04/02/2005,1112400000,-0.5732258558273315,75.0,04/02/2005,-0.5732258558273315
62,2005,4,9,04/09/2005,1113004800,-0.43654483556747437,75.0,04/09/2005,-0.43654483556747437
63,2005,4,16,04/16/2005,1113609600,-0.025267213582992554,75.0,04/16/2005,-0.025267213582992554
64,2005,4,23,04/23/2005,1114214400,0.08156908303499222,75.0,04/23/2005,0.08156908303499222
65,2005,4,30,04/30/2005,1114819200,-0.5208951830863953,75.0,04/30/2005,-0.5208951830863953
66,2005,5,7,05/07/2005,1115424000,0.1405230164527893,75.0,05/07/2005,0.1405230164527893
67,2005,5,14,05/14/2005,1116028800,-0.2685433328151703,75.0,05/14/2005,-0.2685433328151703
68,2005,5,21,05/21/2005,1116633600,-0.47593623399734497,75.0,05/21/2005,-0.47593623399734497
69,2005,5,28,05/28/2005,1117238400,-0.26378604769706726,75.0,05/28/2005,-0.26378604769706726
70,2005,6,4,06/04/2005,1117843200,-0.6493129134178162,75.0,06/04/2005,-0.6493129134178162
71,2005,6,11,06/11/2005,1118448000,-0.9293166995048523,75.0,06/11/2005,-0.9293166995048523
72,2005,6,18,06/18/2005,1119052800,-0.798160970211029,75.0,06/18/2005,-0.798160970211029
73,2005,6,25,06/25/2005,1119657600,-0.7917841076850891,75.0,06/25/2005,-0.7917841076850891
74,2005,7,2,07/02/2005,1120262400,-1.014473795890808,75.0,07/02/2005,-1.014473795890808
75,2005,7,9,07/09/2005,1120867200,-1.1319056749343872,75.0,07/09/2005,-1.1319056749343872
76,2005,7,16,07/16/2005,1121472000,-1.6030845642089844,75.0,07/16/2005,-1.6030845642089844
77,2005,7,23,07/23/2005,1122076800,-1.4176970720291138,75.0,07/23/2005,-1.4176970720291138
78,2005,7,30,07/30/2005,1122681600,-0.7418525218963623,75.0,07/30/2005,-0.7418525218963623
79,2005,8,6,08/06/2005,1123286400,-0.14003339409828186,75.0,08/06/2005,-0.14003339409828186
80,2005,8,13,08/13/2005,1123891200,-0.25842273235321045,75.0,08/13/2005,-0.25842273235321045
81,2005,8,20,08/20/2005,1124496000,-0.7169525623321533,75.0,08/20/2005,-0.7169525623321533
82,2005,8,27,08/27/2005,1125100800,-0.9948490262031555,75.0,08/27/2005,-0.9948490262031555
83,2005,9,3,09/03/2005,1125705600,-1.1783238649368286,75.0,09/03/2005,-1.1783238649368286
84,2005,9,10,09/10/2005,1126310400,-0.5280479788780212,75.0,09/10/2005,-0.5280479788780212
85,2005,9,17,09/17/2005,1126915200,0.08272919058799744,75.0,09/17/2005,0.08272919058799744
86,2005,9,24,09/24/2005,1127520000,-0.2906968593597412,75.0,09/24/2005,-0.2906968593597412
87,2005,10,1,10/01/2005,1128124800,-0.6787765026092529,75.0,10/01/2005,-0.6787765026092529
88,2005,10,8,10/08/2005,1128729600,-0.3273800313472748,75.0,10/08/2005,-0.3273800313472748
89,2005,10,15,10/15/2005,1129334400,-0.15368779003620148,75.0,10/15/2005,-0.15368779003620148
90,2005,10,22,10/22/2005,1129939200,0.22086364030838013,75.0,10/22/2005,0.22086364030838013
91,2005,10,29,10/29/2005,1130544000,0.5670135617256165,75.0,10/29/2005,0.5670135617256165
92,2005,11,5,11/05/2005,1131148800,0.40826651453971863,75.0,11/05/2005,0.40826651453971863
93,2005,11,12,11/12/2005,1131753600,0.17623135447502136,75.0,11/12/2005,0.17623135447502136
94,2005,11,19,11/19/2005,1132358400,-0.4001827836036682,75.0,11/19/2005,-0.4001827836036682
95,2005,11,26,11/26/2005,1132963200,-0.5384315848350525,75.0,11/26/2005,-0.5384315848350525
96,2005,12,3,12/03/2005,1133568000,-0.7458826303482056,75.0,12/03/2005,-0.7458826303482056
97,2005,12,11,12/11/2005,1134259200,-0.5964862704277039,75.0,12/11/2005,-0.5964862704277039
98,2005,12,18,12/18/2005,1134864000,-0.5871033072471619,75.0,12/18/2005,-0.5871033072471619
99,2005,12,25,12/25/2005,1135468800,0.8398995399475098,75.0,12/25/2005,0.8398995399475098
100,2006,1,1,01/01/2006,1136073600,0.8705593347549438,75.0,01/01/2006,0.8705593347549438
101,2006,1,8,01/08/2006,1136678400,0.9935604929924011,75.0,01/08/2006,0.9935604929924011
102,2006,1,15,01/15/2006,1137283200,0.8252398371696472,75.0,01/15/2006,0.8252398371696472
103,2006,1,22,01/22/2006,1137888000,0.1402605026960373,75.0,01/22/2006,0.1402605026960373
104,2006,1,29,01/29/2006,1138492800,-0.3104580044746399,75.0,01/29/2006,-0.3104580044746399
105,2006,2,5,02/05/2006,1139097600,-0.9450474381446838,75.0,02/05/2006,-0.9450474381446838
106,2006,2,12,02/12/2006,1139702400,-1.1172106266021729,75.0,02/12/2006,-1.1172106266021729
107,2006,2,19,02/19/2006,1140307200,-1.1796938180923462,75.0,02/19/2006,-1.1796938180923462
108,2006,2,26,02/26/2006,1140912000,-1.152840256690979,75.0,02/26/2006,-1.152840256690979
109,2006,3,5,03/05/2006,1141516800,-0.6761370897293091,75.0,03/05/2006,-0.6761370897293091
110,2006,3,12,03/12/2006,1142121600,-0.5788203477859497,75.0,03/12/2006,-0.5788203477859497
111,2006,3,19,03/19/2006,1142726400,0.42719167470932007,75.0,03/19/2006,0.42719167470932007
112,2006,3,26,03/26/2006,1143331200,1.424451231956482,75.0,03/26/2006,1.424451231956482
113,2006,4,2,04/02/2006,1143936000,2.3101863861083984,75.0,04/02/2006,2.3101863861083984
114,2006,4,9,04/09/2006,1144540800,2.1746773719787598,75.0,04/09/2006,2.1746773719787598
115,2006,4,16,04/16/2006,1145145600,1.7271077632904053,75.0,04/16/2006,1.7271077632904053
116,2006,4,23,04/23/2006,1145750400,0.5034227967262268,75.0,04/23/2006,0.5034227967262268
117,2006,4,30,04/30/2006,1146355200,-0.5748084187507629,75.0,04/30/2006,-0.5748084187507629
118,2006,5,7,05/07/2006,1146960000,0.040230508893728256,75.0,05/07/2006,0.040230508893728256
119,2006,5,14,05/14/2006,1147564800,-0.28210389614105225,75.0,05/14/2006,-0.28210389614105225
120,2006,5,21,05/21/2006,1148169600,-0.14003504812717438,75.0,05/21/2006,-0.14003504812717438
121,2006,5,28,05/28/2006,1148774400,-0.17811690270900726,75.0,05/28/2006,-0.17811690270900726
122,2006,6,4,06/04/2006,1149379200,-0.9168403148651123,75.0,06/04/2006,-0.9168403148651123
123,2006,6,11,06/11/2006,1149984000,-0.46091020107269287,75.0,06/11/2006,-0.46091020107269287
124,2006,6,18,06/18/2006,1150588800,-0.37107452750205994,75.0,06/18/2006,-0.37107452750205994
125,2006,6,25,06/25/2006,1151193600,-0.06957877427339554,75.0,06/25/2006,-0.06957877427339554
126,2006,7,2,07/02/2006,1151798400,-0.0472964346408844,75.0,07/02/2006,-0.0472964346408844
127,2006,7,9,07/09/2006,1152403200,-0.557427167892456,75.0,07/09/2006,-0.557427167892456
128,2006,7,16,07/16/2006,1153008000,0.5845437049865723,75.0,07/16/2006,0.5845437049865723
129,2006,7,23,07/23/2006,1153612800,0.19122280180454254,75.0,07/23/2006,0.19122280180454254
130,2006,7,30,07/30/2006,1154217600,0.031052445992827415,75.0,07/30/2006,0.031052445992827415
131,2006,8,6,08/06/2006,1154822400,0.5139700770378113,75.0,08/06/2006,0.5139700770378113
132,2006,8,13,08/13/2006,1155427200,0.22607024013996124,75.0,08/13/2006,0.22607024013996124
133,2006,8,20,08/20/2006,1156032000,0.9121067523956299,75.0,08/20/2006,0.9121067523956299
134,2006,8,27,08/27/2006,1156636800,1.0115699768066406,75.0,08/27/2006,1.0115699768066406
135,2006,9,3,09/03/2006,1157241600,-0.025118418037891388,75.0,09/03/2006,-0.025118418037891388
136,2006,9,10,09/10/2006,1157846400,-0.9708030223846436,75.0,09/10/2006,-0.9708030223846436
137,2006,9,17,09/17/2006,1158451200,-1.9317963123321533,75.0,09/17/2006,-1.9317963123321533
138,2006,9,24,09/24/2006,1159056000,-1.321031928062439,75.0,09/24/2006,-1.321031928062439
139,2006,10,1,10/01/2006,1159660800,-0.3996769189834595,75.0,10/01/2006,-0.3996769189834595
140,2006,10,8,10/08/2006,1160265600,-0.883608341217041,75.0,10/08/2006,-0.883608341217041
141,2006,10,15,10/15/2006,1160870400,-0.16269773244857788,75.0,10/15/2006,-0.16269773244857788
142,2006,10,22,10/22/2006,1161475200,0.09614390134811401,75.0,10/22/2006,0.09614390134811401
143,2006,10,29,10/29/2006,1162080000,0.029221192002296448,75.0,10/29/2006,0.029221192002296448
144,2006,11,5,11/05/2006,1162684800,-0.1885516345500946,75.0,11/05/2006,-0.1885516345500946
145,2006,11,12,11/12/2006,1163289600,-0.5501737594604492,75.0,11/12/2006,-0.5501737594604492
146,2006,11,19,11/19/2006,1163894400,-1.1842142343521118,75.0,11/19/2006,-1.1842142343521118
147,2006,11,26,11/26/2006,1164499200,-1.2913490533828735,75.0,11/26/2006,-1.2913490533828735
148,2006,12,3,12/03/2006,1165104000,-1.1370400190353394,75.0,12/03/2006,-1.1370400190353394
149,2006,12,11,12/11/2006,1165795200,-0.5744853019714355,75.0,12/11/2006,-0.5744853019714355
150,2006,12,18,12/18/2006,1166400000,-0.16946883499622345,75.0,12/18/2006,-0.16946883499622345
151,2006,12,25,12/25/2006,1167004800,0.33545902371406555,75.0,12/25/2006,0.33545902371406555
152,2007,1,1,01/01/2007,1167609600,-0.047621287405490875,75.0,01/01/2007,-0.047621287405490875
153,2007,1,8,01/08/2007,1168214400,0.3967396020889282,75.0,01/08/2007,0.3967396020889282
154,2007,1,15,01/15/2007,1168819200,1.089753270149231,75.0,01/15/2007,1.089753270149231
155,2007,1,22,01/22/2007,1169424000,0.9758955836296082,75.0,01/22/2007,0.9758955836296082
156,2007,1,29,01/29/2007,1170028800,1.2815051078796387,75.0,01/29/2007,1.2815051078796387
157,2007,2,5,02/05/2007,1170633600,0.14792326092720032,75.0,02/05/2007,0.14792326092720032
158,2007,2,12,02/12/2007,1171238400,-0.5579391121864319,75.0,02/12/2007,-0.5579391121864319
159,2007,2,19,02/19/2007,1171843200,-0.3809903562068939,75.0,02/19/2007,-0.3809903562068939
160,2007,2,26,02/26/2007,1172448000,-0.13848038017749786,75.0,02/26/2007,-0.13848038017749786
161,2007,3,5,03/05/2007,1173052800,-0.03146014362573624,75.0,03/05/2007,-0.03146014362573624
162,2007,3,12,03/12/2007,1173657600,0.38214898109436035,75.0,03/12/2007,0.38214898109436035
163,2007,3,19,03/19/2007,1174262400,0.7662653923034668,75.0,03/19/2007,0.7662653923034668
164,2007,3,26,03/26/2007,1174867200,0.3564254641532898,75.0,03/26/2007,0.3564254641532898
165,2007,4,2,04/02/2007,1175472000,0.3762587904930115,75.0,04/02/2007,0.3762587904930115
166,2007,4,9,04/09/2007,1176076800,-0.005447437055408955,75.0,04/09/2007,-0.005447437055408955
167,2007,4,16,04/16/2007,1176681600,0.3173427879810333,75.0,04/16/2007,0.3173427879810333
168,2007,4,23,04/23/2007,1177286400,1.354013204574585,75.0,04/23/2007,1.354013204574585
169,2007,4,30,04/30/2007,1177891200,1.5814144611358643,75.0,04/30/2007,1.5814144611358643
170,2007,5,7,05/07/2007,1178496000,1.8086930513381958,75.0,05/07/2007,1.8086930513381958
171,2007,5,14,05/14/2007,1179100800,1.9087296724319458,75.0,05/14/2007,1.9087296724319458
172,2007,5,21,05/21/2007,1179705600,1.7731449604034424,75.0,05/21/2007,1.7731449604034424
173,2007,5,28,05/28/2007,1180310400,1.424570918083191,75.0,05/28/2007,1.424570918083191
174,2007,6,4,06/04/2007,1180915200,0.4347909986972809,75.0,06/04/2007,0.4347909986972809
175,2007,6,11,06/11/2007,1181520000,-0.7975523471832275,75.0,06/11/2007,-0.7975523471832275
176,2007,6,18,06/18/2007,1182124800,-1.5571845769882202,75.0,06/18/2007,-1.5571845769882202
177,2007,6,25,06/25/2007,1182729600,-2.1861674785614014,75.0,06/25/2007,-2.1861674785614014
178,2007,7,2,07/02/2007,1183334400,-1.5910449028015137,75.0,07/02/2007,-1.5910449028015137
179,2007,7,9,07/09/2007,1183939200,-0.9127233624458313,75.0,07/09/2007,-0.9127233624458313
180,2007,7,16,07/16/2007,1184544000,0.18846778571605682,75.0,07/16/2007,0.18846778571605682
181,2007,7,23,07/23/2007,1185148800,0.370615690946579,75.0,07/23/2007,0.370615690946579
182,2007,7,30,07/30/2007,1185753600,0.3607715964317322,75.0,07/30/2007,0.3607715964317322
183,2007,8,6,08/06/2007,1186358400,-0.10530278831720352,75.0,08/06/2007,-0.10530278831720352
184,2007,8,13,08/13/2007,1186963200,-0.44579172134399414,75.0,08/13/2007,-0.44579172134399414
185,2007,8,20,08/20/2007,1187568000,-0.2502287030220032,75.0,08/20/2007,-0.2502287030220032
186,2007,8,27,08/27/2007,1188172800,0.09994994103908539,75.0,08/27/2007,0.09994994103908539
187,2007,9,3,09/03/2007,1188777600,1.710922122001648,75.0,09/03/2007,1.710922122001648
188,2007,9,10,09/10/2007,1189382400,2.068044424057007,75.0,09/10/2007,2.068044424057007
189,2007,9,17,09/17/2007,1189987200,1.5823423862457275,75.0,09/17/2007,1.5823423862457275
190,2007,9,24,09/24/2007,1190592000,0.7107493281364441,75.0,09/24/2007,0.7107493281364441
191,2007,10,1,10/01/2007,1191196800,0.17377997934818268,75.0,10/01/2007,0.17377997934818268
192,2007,10,8,10/08/2007,1191801600,-0.44083598256111145,75.0,10/08/2007,-0.44083598256111145
193,2007,10,15,10/15/2007,1192406400,-0.9405011534690857,75.0,10/15/2007,-0.9405011534690857
194,2007,10,22,10/22/2007,1193011200,-0.9110097885131836,75.0,10/22/2007,-0.9110097885131836
195,2007,10,29,10/29/2007,1193616000,-0.7983267307281494,75.0,10/29/2007,-0.7983267307281494
196,2007,11,5,11/05/2007,1194220800,0.3873272240161896,75.0,11/05/2007,0.3873272240161896
197,2007,11,12,11/12/2007,1194825600,0.780993640422821,75.0,11/12/2007,0.780993640422821
198,2007,11,19,11/19/2007,1195430400,0.6577842235565186,75.0,11/19/2007,0.6577842235565186
199,2007,11,26,11/26/2007,1196035200,0.12832951545715332,75.0,11/26/2007,0.12832951545715332
200,2007,12,3,12/03/2007,1196640000,-0.28769928216934204,75.0,12/03/2007,-0.28769928216934204
201,2007,12,11,12/11/2007,1197331200,-1.0511035919189453,75.0,12/11/2007,-1.0511035919189453
202,2007,12,18,12/18/2007,1197936000,-1.2396366596221924,75.0,12/18/2007,-1.2396366596221924
203,2007,12,25,12/25/2007,1198540800,-1.643075942993164,75.0,12/25/2007,-1.643075942993164
204,2008,1,1,01/01/2008,1199145600,-1.1194151639938354,75.0,01/01/2008,-1.1194151639938354
205,2008,1,8,01/08/2008,1199750400,-0.25760573148727417,75.0,01/08/2008,-0.25760573148727417
206,2008,1,15,01/15/2008,1200355200,-0.20546573400497437,75.0,01/15/2008,-0.20546573400497437
207,2008,1,22,01/22/2008,1200960000,-0.10812199860811234,75.0,01/22/2008,-0.10812199860811234
208,2008,1,29,01/29/2008,1201564800,0.44761666655540466,75.0,01/29/2008,0.44761666655540466
209,2008,2,5,02/05/2008,1202169600,0.7181458473205566,75.0,02/05/2008,0.7181458473205566
210,2008,2,12,02/12/2008,1202774400,0.6548218131065369,75.0,02/12/2008,0.6548218131065369
211,2008,2,19,02/19/2008,1203379200,0.2343263179063797,75.0,02/19/2008,0.2343263179063797
212,2008,2,26,02/26/2008,1203984000,-1.429241418838501,75.0,02/26/2008,-1.429241418838501
213,2008,3,4,03/04/2008,1204588800,-1.7086189985275269,75.0,03/04/2008,-1.7086189985275269
214,2008,3,11,03/11/2008,1205193600,-1.5560264587402344,75.0,03/11/2008,-1.5560264587402344
215,2008,3,18,03/18/2008,1205798400,-1.898276448249817,75.0,03/18/2008,-1.898276448249817
216,2008,3,25,03/25/2008,1206403200,-1.2707511186599731,75.0,03/25/2008,-1.2707511186599731
217,2008,4,1,04/01/2008,1207008000,-1.8546277284622192,75.0,04/01/2008,-1.8546277284622192
218,2008,4,8,04/08/2008,1207612800,-2.302083969116211,75.0,04/08/2008,-2.302083969116211
219,2008,4,15,04/15/2008,1208217600,-2.405576229095459,75.0,04/15/2008,-2.405576229095459
220,2008,4,22,04/22/2008,1208822400,-1.6954988241195679,75.0,04/22/2008,-1.6954988241195679
221,2008,4,29,04/29/2008,1209427200,-1.01872980594635,75.0,04/29/2008,-1.01872980594635
222,2008,5,6,05/06/2008,1210032000,-1.0166244506835938,75.0,05/06/2008,-1.0166244506835938
223,2008,5,13,05/13/2008,1210636800,-1.713449239730835,75.0,05/13/2008,-1.713449239730835
224,2008,5,20,05/20/2008,1211241600,-2.1474802494049072,75.0,05/20/2008,-2.1474802494049072
225,2008,5,27,05/27/2008,1211846400,-1.524846076965332,75.0,05/27/2008,-1.524846076965332
226,2008,6,3,06/03/2008,1212451200,-0.8164870738983154,75.0,06/03/2008,-0.8164870738983154
227,2008,6,10,06/10/2008,1213056000,-0.05474426969885826,75.0,06/10/2008,-0.05474426969885826
228,2008,6,17,06/17/2008,1213660800,-0.2307494431734085,75.0,06/17/2008,-0.2307494431734085
229,2008,6,24,06/24/2008,1214265600,-0.7945608496665955,75.0,06/24/2008,-0.7945608496665955
230,2008,7,1,07/01/2008,1214870400,-1.1962417364120483,75.0,07/01/2008,-1.1962417364120483
231,2008,7,8,07/08/2008,1215475200,-0.8947438597679138,75.0,07/08/2008,-0.8947438597679138
232,2008,7,15,07/15/2008,1216080000,-0.6527407169342041,75.0,07/15/2008,-0.6527407169342041
233,2008,7,22,07/22/2008,1216684800,0.0927155539393425,75.0,07/22/2008,0.0927155539393425
234,2008,7,29,07/29/2008,1217289600,0.35969939827919006,75.0,07/29/2008,0.35969939827919006
235,2008,8,5,08/05/2008,1217894400,0.6652551889419556,75.0,08/05/2008,0.6652551889419556
236,2008,8,12,08/12/2008,1218499200,1.0535794496536255,75.0,08/12/2008,1.0535794496536255
237,2008,8,19,08/19/2008,1219104000,1.1248732805252075,75.0,08/19/2008,1.1248732805252075
238,2008,8,26,08/26/2008,1219708800,0.3891170024871826,75.0,08/26/2008,0.3891170024871826
239,2008,9,2,09/02/2008,1220313600,-0.6285585761070251,75.0,09/02/2008,-0.6285585761070251
240,2008,9,9,09/09/2008,1220918400,-0.7354027032852173,75.0,09/09/2008,-0.7354027032852173
241,2008,9,16,09/16/2008,1221523200,-0.5619982481002808,75.0,09/16/2008,-0.5619982481002808
242,2008,9,23,09/23/2008,1222128000,0.41003599762916565,75.0,09/23/2008,0.41003599762916565
243,2008,9,30,09/30/2008,1222732800,0.9289088249206543,75.0,09/30/2008,0.9289088249206543
244,2008,10,7,10/07/2008,1223337600,0.7892153263092041,75.0,10/07/2008,0.7892153263092041
245,2008,10,14,10/14/2008,1223942400,0.35611292719841003,75.0,10/14/2008,0.35611292719841003
246,2008,10,21,10/21/2008,1224547200,-0.28955307602882385,75.0,10/21/2008,-0.28955307602882385
247,2008,10,28,10/28/2008,1225152000,-1.0366674661636353,75.0,10/28/2008,-1.0366674661636353
248,2008,11,4,11/04/2008,1225756800,-1.017281174659729,75.0,11/04/2008,-1.017281174659729
249,2008,11,11,11/11/2008,1226361600,-1.4078682661056519,75.0,11/11/2008,-1.4078682661056519
250,2008,11,18,11/18/2008,1226966400,-1.766564965248108,75.0,11/18/2008,-1.766564965248108
251,2008,11,25,11/25/2008,1227571200,-1.716178059577942,75.0,11/25/2008,-1.716178059577942
252,2008,12,2,12/02/2008,1228176000,-1.8767436742782593,75.0,12/02/2008,-1.8767436742782593
253,2008,12,11,12/11/2008,1228953600,-1.7715047597885132,75.0,12/11/2008,-1.7715047597885132
254,2008,12,18,12/18/2008,1229558400,-1.6115869283676147,75.0,12/18/2008,-1.6115869283676147
255,2008,12,25,12/25/2008,1230163200,-1.4517710208892822,75.0,12/25/2008,-1.4517710208892822
256,2009,1,1,01/01/2009,1230768000,-1.5601917505264282,75.0,01/01/2009,-1.5601917505264282
257,2009,1,8,01/08/2009,1231372800,-2.247992515563965,75.0,01/08/2009,-2.247992515563965
258,2009,1,15,01/15/2009,1231977600,-1.584069848060608,75.0,01/15/2009,-1.584069848060608
259,2009,1,22,01/22/2009,1232582400,-1.172559380531311,75.0,01/22/2009,-1.172559380531311
260,2009,1,29,01/29/2009,1233187200,-1.2356032133102417,75.0,01/29/2009,-1.2356032133102417
261,2009,2,5,02/05/2009,1233792000,0.23924240469932556,75.0,02/05/2009,0.23924240469932556
262,2009,2,12,02/12/2009,1234396800,0.5989190340042114,75.0,02/12/2009,0.5989190340042114
263,2009,2,19,02/19/2009,1235001600,1.1022658348083496,75.0,02/19/2009,1.1022658348083496
264,2009,2,26,02/26/2009,1235606400,1.198639988899231,75.0,02/26/2009,1.198639988899231
265,2009,3,5,03/05/2009,1236211200,0.5965501070022583,75.0,03/05/2009,0.5965501070022583
266,2009,3,12,03/12/2009,1236816000,0.5583058595657349,75.0,03/12/2009,0.5583058595657349
267,2009,3,19,03/19/2009,1237420800,0.23099815845489502,75.0,03/19/2009,0.23099815845489502
268,2009,3,26,03/26/2009,1238025600,-0.3052043616771698,75.0,03/26/2009,-0.3052043616771698
269,2009,4,2,04/02/2009,1238630400,-0.26214995980262756,75.0,04/02/2009,-0.26214995980262756
270,2009,4,9,04/09/2009,1239235200,-0.4837188720703125,75.0,04/09/2009,-0.4837188720703125
271,2009,4,16,04/16/2009,1239840000,-0.7557718753814697,75.0,04/16/2009,-0.7557718753814697
272,2009,4,23,04/23/2009,1240444800,-0.23074816167354584,75.0,04/23/2009,-0.23074816167354584
273,2009,4,30,04/30/2009,1241049600,-0.5883289575576782,75.0,04/30/2009,-0.5883289575576782
274,2009,5,7,05/07/2009,1241654400,-1.3317915201187134,75.0,05/07/2009,-1.3317915201187134
275,2009,5,14,05/14/2009,1242259200,-0.7184068560600281,75.0,05/14/2009,-0.7184068560600281
276,2009,5,21,05/21/2009,1242864000,-0.7252864837646484,75.0,05/21/2009,-0.7252864837646484
277,2009,5,28,05/28/2009,1243468800,-1.8716964721679688,75.0,05/28/2009,-1.8716964721679688
278,2009,6,4,06/04/2009,1244073600,-2.6917548179626465,75.0,06/04/2009,-2.6917548179626465
279,2009,6,11,06/11/2009,1244678400,-2.265681743621826,75.0,06/11/2009,-2.265681743621826
280,2009,6,18,06/18/2009,1245283200,-2.3566253185272217,75.0,06/18/2009,-2.3566253185272217
281,2009,6,25,06/25/2009,1245888000,-1.6743879318237305,75.0,06/25/2009,-1.6743879318237305
282,2009,7,2,07/02/2009,1246492800,-0.9440760612487793,75.0,07/02/2009,-0.9440760612487793
283,2009,7,9,07/09/2009,1247097600,-1.4526034593582153,75.0,07/09/2009,-1.4526034593582153
284,2009,7,16,07/16/2009,1247702400,-1.155381679534912,75.0,07/16/2009,-1.155381679534912
285,2009,7,23,07/23/2009,1248307200,-1.6274155378341675,75.0,07/23/2009,-1.6274155378341675
286,2009,7,30,07/30/2009,1248912000,-1.749671220779419,75.0,07/30/2009,-1.749671220779419
287,2009,8,6,08/06/2009,1249516800,-2.224618673324585,75.0,08/06/2009,-2.224618673324585
288,2009,8,13,08/13/2009,1250121600,-2.0685958862304688,75.0,08/13/2009,-2.0685958862304688
289,2009,8,20,08/20/2009,1250726400,-1.154729962348938,75.0,08/20/2009,-1.154729962348938
290,2009,8,27,08/27/2009,1251331200,-1.0959912538528442,75.0,08/27/2009,-1.0959912538528442
291,2009,9,3,09/03/2009,1251936000,-0.6802916526794434,75.0,09/03/2009,-0.6802916526794434
292,2009,9,10,09/10/2009,1252540800,-0.4647969603538513,75.0,09/10/2009,-0.4647969603538513
293,2009,9,17,09/17/2009,1253145600,-0.49236541986465454,75.0,09/17/2009,-0.49236541986465454
294,2009,9,24,09/24/2009,1253750400,-1.1292989253997803,75.0,09/24/2009,-1.1292989253997803
295,2009,10,1,10/01/2009,1254355200,-1.066845178604126,75.0,10/01/2009,-1.066845178604126
296,2009,10,8,10/08/2009,1254960000,-0.8188925385475159,75.0,10/08/2009,-0.8188925385475159
297,2009,10,15,10/15/2009,1255564800,-0.9032595753669739,75.0,10/15/2009,-0.9032595753669739
298,2009,10,22,10/22/2009,1256169600,0.11999374628067017,75.0,10/22/2009,0.11999374628067017
299,2009,10,29,10/29/2009,1256774400,0.8184848427772522,75.0,10/29/2009,0.8184848427772522
300,2009,11,5,11/05/2009,1257379200,0.5625742077827454,75.0,11/05/2009,0.5625742077827454
301,2009,11,12,11/12/2009,1257984000,1.3609180450439453,75.0,11/12/2009,1.3609180450439453
302,2009,11,19,11/19/2009,1258588800,0.7928204536437988,75.0,11/19/2009,0.7928204536437988
303,2009,11,26,11/26/2009,1259193600,0.1440957486629486,75.0,11/26/2009,0.1440957486629486
304,2009,12,3,12/03/2009,1259798400,0.10611279308795929,75.0,12/03/2009,0.10611279308795929
305,2009,12,11,12/11/2009,1260489600,-0.6844282746315002,75.0,12/11/2009,-0.6844282746315002
306,2009,12,18,12/18/2009,1261094400,-1.4491238594055176,75.0,12/18/2009,-1.4491238594055176
307,2009,12,25,12/25/2009,1261699200,-1.6781995296478271,75.0,12/25/2009,-1.6781995296478271
308,2010,1,1,01/01/2010,1262304000,-1.8152145147323608,75.0,01/01/2010,-1.8152145147323608
309,2010,1,8,01/08/2010,1262908800,-1.3955519199371338,75.0,01/08/2010,-1.3955519199371338
310,2010,1,15,01/15/2010,1263513600,-1.281589150428772,75.0,01/15/2010,-1.281589150428772
311,2010,1,22,01/22/2010,1264118400,-1.6006865501403809,75.0,01/22/2010,-1.6006865501403809
312,2010,1,29,01/29/2010,1264723200,-1.8042012453079224,75.0,01/29/2010,-1.8042012453079224
313,2010,2,5,02/05/2010,1265328000,-1.3326627016067505,75.0,02/05/2010,-1.3326627016067505
314,2010,2,12,02/12/2010,1265932800,-0.44336870312690735,75.0,02/12/2010,-0.44336870312690735
315,2010,2,19,02/19/2010,1266537600,-1.0565435886383057,75.0,02/19/2010,-1.0565435886383057
316,2010,2,26,02/26/2010,1267142400,-1.1218563318252563,75.0,02/26/2010,-1.1218563318252563
317,2010,3,5,03/05/2010,1267747200,-1.551988124847412,75.0,03/05/2010,-1.551988124847412
318,2010,3,12,03/12/2010,1268352000,-1.6177185773849487,75.0,03/12/2010,-1.6177185773849487
319,2010,3,19,03/19/2010,1268956800,-0.48555055260658264,75.0,03/19/2010,-0.48555055260658264
320,2010,3,26,03/26/2010,1269561600,0.3272501528263092,75.0,03/26/2010,0.3272501528263092
321,2010,4,2,04/02/2010,1270166400,0.5537257790565491,75.0,04/02/2010,0.5537257790565491
322,2010,4,9,04/09/2010,1270771200,0.18240371346473694,75.0,04/09/2010,0.18240371346473694
323,2010,4,16,04/16/2010,1271376000,-0.6206949353218079,75.0,04/16/2010,-0.6206949353218079
324,2010,4,23,04/23/2010,1271980800,-0.698464035987854,75.0,04/23/2010,-0.698464035987854
325,2010,4,30,04/30/2010,1272585600,-0.810745894908905,75.0,04/30/2010,-0.810745894908905
326,2010,5,7,05/07/2010,1273190400,-1.0057804584503174,75.0,05/07/2010,-1.0057804584503174
327,2010,5,14,05/14/2010,1273795200,0.8810179233551025,75.0,05/14/2010,0.8810179233551025
328,2010,5,21,05/21/2010,1274400000,1.0417050123214722,75.0,05/21/2010,1.0417050123214722
329,2010,5,28,05/28/2010,1275004800,0.1466311514377594,75.0,05/28/2010,0.1466311514377594
330,2010,6,4,06/04/2010,1275609600,0.08388907462358475,75.0,06/04/2010,0.08388907462358475
331,2010,6,11,06/11/2010,1276214400,-0.9739775657653809,75.0,06/11/2010,-0.9739775657653809
332,2010,6,18,06/18/2010,1276819200,-1.0936347246170044,75.0,06/18/2010,-1.0936347246170044
333,2010,6,25,06/25/2010,1277424000,-0.30378931760787964,75.0,06/25/2010,-0.30378931760787964
334,2010,7,2,07/02/2010,1278028800,-0.934516966342926,75.0,07/02/2010,-0.934516966342926
335,2010,7,9,07/09/2010,1278633600,-1.2050490379333496,75.0,07/09/2010,-1.2050490379333496
336,2010,7,16,07/16/2010,1279238400,-1.4320271015167236,75.0,07/16/2010,-1.4320271015167236
337,2010,7,23,07/23/2010,1279843200,-1.3330013751983643,75.0,07/23/2010,-1.3330013751983643
338,2010,7,30,07/30/2010,1280448000,-1.2902874946594238,75.0,07/30/2010,-1.2902874946594238
339,2010,8,6,08/06/2010,1281052800,-0.6839566826820374,75.0,08/06/2010,-0.6839566826820374
340,2010,8,13,08/13/2010,1281657600,-0.6082173585891724,75.0,08/13/2010,-0.6082173585891724
341,2010,8,20,08/20/2010,1282262400,0.5817463994026184,75.0,08/20/2010,0.5817463994026184
342,2010,8,27,08/27/2010,1282867200,1.1059647798538208,75.0,08/27/2010,1.1059647798538208
343,2010,9,3,09/03/2010,1283472000,0.7355872392654419,75.0,09/03/2010,0.7355872392654419
344,2010,9,10,09/10/2010,1284076800,0.7108675837516785,75.0,09/10/2010,0.7108675837516785
345,2010,9,17,09/17/2010,1284681600,-1.182513952255249,75.0,09/17/2010,-1.182513952255249
346,2010,9,24,09/24/2010,1285286400,-1.674166202545166,75.0,09/24/2010,-1.674166202545166
347,2010,10,1,10/01/2010,1285891200,-1.3596575260162354,75.0,10/01/2010,-1.3596575260162354
348,2010,10,8,10/08/2010,1286496000,-1.469313621520996,75.0,10/08/2010,-1.469313621520996
349,2010,10,15,10/15/2010,1287100800,-1.321448802947998,75.0,10/15/2010,-1.321448802947998
350,2010,10,22,10/22/2010,1287705600,-1.3410269021987915,75.0,10/22/2010,-1.3410269021987915
351,2010,10,29,10/29/2010,1288310400,-1.2617411613464355,75.0,10/29/2010,-1.2617411613464355
352,2010,11,5,11/05/2010,1288915200,-2.096374750137329,75.0,11/05/2010,-2.096374750137329
353,2010,11,12,11/12/2010,1289520000,-2.0491678714752197,75.0,11/12/2010,-2.0491678714752197
354,2010,11,19,11/19/2010,1290124800,-2.162280797958374,75.0,11/19/2010,-2.162280797958374
355,2010,11,26,11/26/2010,1290729600,-1.7167291641235352,75.0,11/26/2010,-1.7167291641235352
356,2010,12,3,12/03/2010,1291334400,-1.2656477689743042,75.0,12/03/2010,-1.2656477689743042
357,2010,12,11,12/11/2010,1292025600,-0.9142462611198425,75.0,12/11/2010,-0.9142462611198425
358,2010,12,18,12/18/2010,1292630400,-0.3971370458602905,75.0,12/18/2010,-0.3971370458602905
359,2010,12,25,12/25/2010,1293235200,-0.3938906192779541,75.0,12/25/2010,-0.3938906192779541
360,2011,1,1,01/01/2011,1293840000,0.36106932163238525,75.0,01/01/2011,0.36106932163238525
361,2011,1,8,01/08/2011,1294444800,-0.03894843906164169,75.0,01/08/2011,-0.03894843906164169
362,2011,1,15,01/15/2011,1295049600,0.4835759103298187,75.0,01/15/2011,0.4835759103298187
363,2011,1,22,01/22/2011,1295654400,0.3624454140663147,75.0,01/22/2011,0.3624454140663147
364,2011,1,29,01/29/2011,1296259200,0.08221711218357086,75.0,01/29/2011,0.08221711218357086
365,2011,2,5,02/05/2011,1296864000,-0.48117056488990784,75.0,02/05/2011,-0.48117056488990784
366,2011,2,12,02/12/2011,1297468800,-0.26263877749443054,75.0,02/12/2011,-0.26263877749443054
367,2011,2,19,02/19/2011,1298073600,-0.7770312428474426,75.0,02/19/2011,-0.7770312428474426
368,2011,2,26,02/26/2011,1298678400,0.24658818542957306,75.0,02/26/2011,0.24658818542957306
369,2011,3,5,03/05/2011,1299283200,0.5645665526390076,75.0,03/05/2011,0.5645665526390076
370,2011,3,12,03/12/2011,1299888000,0.3793869614601135,75.0,03/12/2011,0.3793869614601135
371,2011,3,19,03/19/2011,1300492800,0.7467823624610901,75.0,03/19/2011,0.7467823624610901
372,2011,3,26,03/26/2011,1301097600,0.022649137303233147,75.0,03/26/2011,0.022649137303233147
373,2011,4,2,04/02/2011,1301702400,0.4441596269607544,75.0,04/02/2011,0.4441596269607544
374,2011,4,9,04/09/2011,1302307200,0.3133348226547241,75.0,04/09/2011,0.3133348226547241
375,2011,4,16,04/16/2011,1302912000,1.6207220554351807,75.0,04/16/2011,1.6207220554351807
376,2011,4,23,04/23/2011,1303516800,2.060842990875244,75.0,04/23/2011,2.060842990875244
377,2011,4,30,04/30/2011,1304121600,1.6215122938156128,75.0,04/30/2011,1.6215122938156128
378,2011,5,7,05/07/2011,1304726400,0.9345893859863281,75.0,05/07/2011,0.9345893859863281
379,2011,5,14,05/14/2011,1305331200,0.45462074875831604,75.0,05/14/2011,0.45462074875831604
380,2011,5,21,05/21/2011,1305936000,0.6703652143478394,75.0,05/21/2011,0.6703652143478394
381,2011,5,28,05/28/2011,1306540800,0.9318488240242004,75.0,05/28/2011,0.9318488240242004
382,2011,6,4,06/04/2011,1307145600,1.3489148616790771,75.0,06/04/2011,1.3489148616790771
383,2011,6,11,06/11/2011,1307750400,1.5462340116500854,75.0,06/11/2011,1.5462340116500854
384,2011,6,18,06/18/2011,1308355200,0.8519776463508606,75.0,06/18/2011,0.8519776463508606
385,2011,6,25,06/25/2011,1308960000,0.4851408898830414,75.0,06/25/2011,0.4851408898830414
386,2011,7,2,07/02/2011,1309564800,0.3428608477115631,75.0,07/02/2011,0.3428608477115631
387,2011,7,9,07/09/2011,1310169600,0.543279767036438,75.0,07/09/2011,0.543279767036438
388,2011,7,16,07/16/2011,1310774400,1.1402497291564941,75.0,07/16/2011,1.1402497291564941
389,2011,7,23,07/23/2011,1311379200,1.4508018493652344,75.0,07/23/2011,1.4508018493652344
390,2011,7,30,07/30/2011,1311984000,0.6390013098716736,75.0,07/30/2011,0.6390013098716736
391,2011,8,6,08/06/2011,1312588800,1.1814945936203003,75.0,08/06/2011,1.1814945936203003
392,2011,8,13,08/13/2011,1313193600,0.8842765688896179,75.0,08/13/2011,0.8842765688896179
393,2011,8,20,08/20/2011,1313798400,0.7602077126502991,75.0,08/20/2011,0.7602077126502991
394,2011,8,27,08/27/2011,1314403200,1.127410888671875,75.0,08/27/2011,1.127410888671875
395,2011,9,3,09/03/2011,1315008000,0.047588177025318146,75.0,09/03/2011,0.047588177025318146
396,2011,9,10,09/10/2011,1315612800,-0.04939212650060654,75.0,09/10/2011,-0.04939212650060654
397,2011,9,17,09/17/2011,1316217600,-1.0623341798782349,75.0,09/17/2011,-1.0623341798782349
398,2011,9,24,09/24/2011,1316822400,-1.122895359992981,75.0,09/24/2011,-1.122895359992981
399,2011,10,1,10/01/2011,1317427200,-0.5592029690742493,75.0,10/01/2011,-0.5592029690742493
400,2011,10,8,10/08/2011,1318032000,-0.6399061679840088,75.0,10/08/2011,-0.6399061679840088
401,2011,10,15,10/15/2011,1318636800,-0.30762845277786255,75.0,10/15/2011,-0.30762845277786255
402,2011,10,22,10/22/2011,1319241600,-0.18844836950302124,75.0,10/22/2011,-0.18844836950302124
403,2011,10,29,10/29/2011,1319846400,-0.17537961900234222,75.0,10/29/2011,-0.17537961900234222
404,2011,11,5,11/05/2011,1320451200,-0.1619756519794464,75.0,11/05/2011,-0.1619756519794464
405,2011,11,12,11/12/2011,1321056000,-0.4469259977340698,75.0,11/12/2011,-0.4469259977340698
406,2011,11,19,11/19/2011,1321660800,-0.46587955951690674,75.0,11/19/2011,-0.46587955951690674
407,2011,11,26,11/26/2011,1322265600,-0.6695392727851868,75.0,11/26/2011,-0.6695392727851868
408,2011,12,3,12/03/2011,1322870400,-0.7183283567428589,75.0,12/03/2011,-0.7183283567428589
409,2011,12,11,12/11/2011,1323561600,-0.02164049632847309,75.0,12/11/2011,-0.02164049632847309
410,2011,12,18,12/18/2011,1324166400,-0.18177354335784912,75.0,12/18/2011,-0.18177354335784912
411,2011,12,25,12/25/2011,1324771200,0.9438125491142273,75.0,12/25/2011,0.9438125491142273
412,2012,1,1,01/01/2012,1325376000,0.7044361233711243,75.0,01/01/2012,0.7044361233711243
413,2012,1,8,01/08/2012,1325980800,1.2277486324310303,75.0,01/08/2012,1.2277486324310303
414,2012,1,15,01/15/2012,1326585600,1.912068486213684,75.0,01/15/2012,1.912068486213684
415,2012,1,22,01/22/2012,1327190400,1.620890498161316,75.0,01/22/2012,1.620890498161316
416,2012,1,29,01/29/2012,1327795200,1.8501176834106445,75.0,01/29/2012,1.8501176834106445
417,2012,2,5,02/05/2012,1328400000,1.5728514194488525,75.0,02/05/2012,1.5728514194488525
418,2012,2,12,02/12/2012,1329004800,1.527711272239685,75.0,02/12/2012,1.527711272239685
419,2012,2,19,02/19/2012,1329609600,1.4792274236679077,75.0,02/19/2012,1.4792274236679077
420,2012,2,26,02/26/2012,1330214400,1.239863395690918,75.0,02/26/2012,1.239863395690918
421,2012,3,4,03/04/2012,1330819200,1.0279417037963867,75.0,03/04/2012,1.0279417037963867
422,2012,3,11,03/11/2012,1331424000,0.5271309614181519,75.0,03/11/2012,0.5271309614181519
423,2012,3,18,03/18/2012,1332028800,0.21376416087150574,75.0,03/18/2012,0.21376416087150574
424,2012,3,25,03/25/2012,1332633600,-0.0954752191901207,75.0,03/25/2012,-0.0954752191901207
425,2012,4,1,04/01/2012,1333238400,-0.7350686192512512,75.0,04/01/2012,-0.7350686192512512
426,2012,4,8,04/08/2012,1333843200,-0.6125184893608093,75.0,04/08/2012,-0.6125184893608093
427,2012,4,15,04/15/2012,1334448000,-0.7802832722663879,75.0,04/15/2012,-0.7802832722663879
428,2012,4,22,04/22/2012,1335052800,-0.547906756401062,75.0,04/22/2012,-0.547906756401062
429,2012,4,29,04/29/2012,1335657600,-0.6446822881698608,75.0,04/29/2012,-0.6446822881698608
430,2012,5,6,05/06/2012,1336262400,-0.38234496116638184,75.0,05/06/2012,-0.38234496116638184
431,2012,5,13,05/13/2012,1336867200,0.09064632654190063,75.0,05/13/2012,0.09064632654190063
432,2012,5,20,05/20/2012,1337472000,0.28445902466773987,75.0,05/20/2012,0.28445902466773987
433,2012,5,27,05/27/2012,1338076800,0.10353585332632065,75.0,05/27/2012,0.10353585332632065
434,2012,6,3,06/03/2012,1338681600,0.5893360376358032,75.0,06/03/2012,0.5893360376358032
435,2012,6,10,06/10/2012,1339286400,0.6360132098197937,75.0,06/10/2012,0.6360132098197937
436,2012,6,17,06/17/2012,1339891200,0.375198096036911,75.0,06/17/2012,0.375198096036911
437,2012,6,24,06/24/2012,1340496000,0.5848277807235718,75.0,06/24/2012,0.5848277807235718
438,2012,7,1,07/01/2012,1341100800,0.6814748048782349,75.0,07/01/2012,0.6814748048782349
439,2012,7,8,07/08/2012,1341705600,1.4320573806762695,75.0,07/08/2012,1.4320573806762695
440,2012,7,15,07/15/2012,1342310400,1.276421308517456,75.0,07/15/2012,1.276421308517456
441,2012,7,22,07/22/2012,1342915200,0.47713717818260193,75.0,07/22/2012,0.47713717818260193
442,2012,7,29,07/29/2012,1343520000,-0.28015607595443726,75.0,07/29/2012,-0.28015607595443726
443,2012,8,5,08/05/2012,1344124800,-1.5574177503585815,75.0,08/05/2012,-1.5574177503585815
444,2012,8,12,08/12/2012,1344729600,-1.367448329925537,75.0,08/12/2012,-1.367448329925537
445,2012,8,19,08/19/2012,1345334400,-0.6317278742790222,75.0,08/19/2012,-0.6317278742790222
446,2012,8,26,08/26/2012,1345939200,-0.8029329776763916,75.0,08/26/2012,-0.8029329776763916
447,2012,9,2,09/02/2012,1346544000,0.05243995785713196,75.0,09/02/2012,0.05243995785713196
448,2012,9,9,09/09/2012,1347148800,0.4956536293029785,75.0,09/09/2012,0.4956536293029785
449,2012,9,16,09/16/2012,1347753600,0.2501729428768158,75.0,09/16/2012,0.2501729428768158
450,2012,9,23,09/23/2012,1348358400,0.6077650189399719,75.0,09/23/2012,0.6077650189399719
451,2012,9,30,09/30/2012,1348963200,0.34479570388793945,75.0,09/30/2012,0.34479570388793945
452,2012,10,7,10/07/2012,1349568000,-0.16692779958248138,75.0,10/07/2012,-0.16692779958248138
453,2012,10,14,10/14/2012,1350172800,0.3239068388938904,75.0,10/14/2012,0.3239068388938904
454,2012,10,21,10/21/2012,1350777600,0.9973535537719727,75.0,10/21/2012,0.9973535537719727
455,2012,10,28,10/28/2012,1351382400,1.4485446214675903,75.0,10/28/2012,1.4485446214675903
456,2012,11,4,11/04/2012,1351987200,1.3608462810516357,75.0,11/04/2012,1.3608462810516357
457,2012,11,11,11/11/2012,1352592000,1.0610581636428833,75.0,11/11/2012,1.0610581636428833
458,2012,11,18,11/18/2012,1353196800,1.532453179359436,75.0,11/18/2012,1.532453179359436
459,2012,11,25,11/25/2012,1353801600,1.0801326036453247,75.0,11/25/2012,1.0801326036453247
460,2012,12,2,12/02/2012,1354406400,1.7432293891906738,75.0,12/02/2012,1.7432293891906738
461,2012,12,11,12/11/2012,1355184000,1.79586660861969,75.0,12/11/2012,1.79586660861969
462,2012,12,18,12/18/2012,1355788800,0.6522385478019714,75.0,12/18/2012,0.6522385478019714
463,2012,12,25,12/25/2012,1356393600,0.010093185119330883,75.0,12/25/2012,0.010093185119330883
464,2013,1,1,01/01/2013,1356998400,-0.10801658779382706,75.0,01/01/2013,-0.10801658779382706
465,2013,1,8,01/08/2013,1357603200,-0.371798574924469,75.0,01/08/2013,-0.371798574924469
466,2013,1,15,01/15/2013,1358208000,0.35300561785697937,75.0,01/15/2013,0.35300561785697937
467,2013,1,22,01/22/2013,1358812800,1.3074907064437866,75.0,01/22/2013,1.3074907064437866
468,2013,1,29,01/29/2013,1359417600,0.29844921827316284,75.0,01/29/2013,0.29844921827316284
469,2013,2,5,02/05/2013,1360022400,0.6805299520492554,75.0,02/05/2013,0.6805299520492554
470,2013,2,12,02/12/2013,1360627200,0.42632487416267395,75.0,02/12/2013,0.42632487416267395
471,2013,2,19,02/19/2013,1361232000,-0.43399137258529663,75.0,02/19/2013,-0.43399137258529663
472,2013,2,26,02/26/2013,1361836800,-0.5117660164833069,75.0,02/26/2013,-0.5117660164833069
473,2013,3,5,03/05/2013,1362441600,-0.9475999474525452,75.0,03/05/2013,-0.9475999474525452
474,2013,3,12,03/12/2013,1363046400,-1.1826519966125488,75.0,03/12/2013,-1.1826519966125488
475,2013,3,19,03/19/2013,1363651200,-0.48821520805358887,75.0,03/19/2013,-0.48821520805358887
476,2013,3,26,03/26/2013,1364256000,0.3818510174751282,75.0,03/26/2013,0.3818510174751282
477,2013,4,2,04/02/2013,1364860800,0.315466970205307,75.0,04/02/2013,0.315466970205307
478,2013,4,9,04/09/2013,1365465600,0.3023253083229065,75.0,04/09/2013,0.3023253083229065
479,2013,4,16,04/16/2013,1366070400,-0.3145763874053955,75.0,04/16/2013,-0.3145763874053955
480,2013,4,23,04/23/2013,1366675200,-1.7714922428131104,75.0,04/23/2013,-1.7714922428131104
481,2013,4,30,04/30/2013,1367280000,-1.1220142841339111,75.0,04/30/2013,-1.1220142841339111
482,2013,5,7,05/07/2013,1367884800,-1.0164352655410767,75.0,05/07/2013,-1.0164352655410767
483,2013,5,14,05/14/2013,1368489600,-1.1041829586029053,75.0,05/14/2013,-1.1041829586029053
484,2013,5,21,05/21/2013,1369094400,-0.8770686388015747,75.0,05/21/2013,-0.8770686388015747
485,2013,5,28,05/28/2013,1369699200,-0.9508154988288879,75.0,05/28/2013,-0.9508154988288879
486,2013,6,4,06/04/2013,1370304000,-0.04320663586258888,75.0,06/04/2013,-0.04320663586258888
487,2013,6,11,06/11/2013,1370908800,-0.012178748846054077,75.0,06/11/2013,-0.012178748846054077
488,2013,6,18,06/18/2013,1371513600,0.942167341709137,75.0,06/18/2013,0.942167341709137
489,2013,6,25,06/25/2013,1372118400,1.7643234729766846,75.0,06/25/2013,1.7643234729766846
490,2013,7,2,07/02/2013,1372723200,1.1727806329727173,75.0,07/02/2013,1.1727806329727173
491,2013,7,9,07/09/2013,1373328000,0.7638226747512817,75.0,07/09/2013,0.7638226747512817
492,2013,7,16,07/16/2013,1373932800,-0.3557155132293701,75.0,07/16/2013,-0.3557155132293701
493,2013,7,23,07/23/2013,1374537600,-0.5318117141723633,75.0,07/23/2013,-0.5318117141723633
494,2013,7,30,07/30/2013,1375142400,-0.10146894305944443,75.0,07/30/2013,-0.10146894305944443
495,2013,8,6,08/06/2013,1375747200,0.6115453243255615,75.0,08/06/2013,0.6115453243255615
496,2013,8,13,08/13/2013,1376352000,0.5578005313873291,75.0,08/13/2013,0.5578005313873291
497,2013,8,20,08/20/2013,1376956800,0.2671178877353668,75.0,08/20/2013,0.2671178877353668
498,2013,8,27,08/27/2013,1377561600,0.5450034141540527,75.0,08/27/2013,0.5450034141540527
499,2013,9,3,09/03/2013,1378166400,0.7658345699310303,75.0,09/03/2013,0.7658345699310303
500,2013,9,10,09/10/2013,1378771200,0.5520089268684387,75.0,09/10/2013,0.5520089268684387
501,2013,9,17,09/17/2013,1379376000,-0.47606396675109863,75.0,09/17/2013,-0.47606396675109863
502,2013,9,24,09/24/2013,1379980800,-0.9405519366264343,75.0,09/24/2013,-0.9405519366264343
503,2013,10,1,10/01/2013,1380585600,-1.480821967124939,75.0,10/01/2013,-1.480821967124939
504,2013,10,8,10/08/2013,1381190400,-0.9484410881996155,75.0,10/08/2013,-0.9484410881996155
505,2013,10,15,10/15/2013,1381795200,-0.18627582490444183,75.0,10/15/2013,-0.18627582490444183
506,2013,10,22,10/22/2013,1382400000,0.36945268511772156,75.0,10/22/2013,0.36945268511772156
507,2013,10,29,10/29/2013,1383004800,0.841753363609314,75.0,10/29/2013,0.841753363609314
508,2013,11,5,11/05/2013,1383609600,0.33230745792388916,75.0,11/05/2013,0.33230745792388916
509,2013,11,12,11/12/2013,1384214400,1.110761046409607,75.0,11/12/2013,1.110761046409607
510,2013,11,19,11/19/2013,1384819200,0.9692708849906921,75.0,11/19/2013,0.9692708849906921
511,2013,11,26,11/26/2013,1385424000,0.614501953125,75.0,11/26/2013,0.614501953125
512,2013,12,3,12/03/2013,1386028800,0.9240952730178833,75.0,12/03/2013,0.9240952730178833
513,2013,12,11,12/11/2013,1386720000,0.6654147505760193,75.0,12/11/2013,0.6654147505760193
514,2013,12,18,12/18/2013,1387324800,1.3620851039886475,75.0,12/18/2013,1.3620851039886475
515,2013,12,25,12/25/2013,1387929600,1.4025180339813232,75.0,12/25/2013,1.4025180339813232
516,2014,1,1,01/01/2014,1388534400,1.403808355331421,75.0,01/01/2014,1.403808355331421
517,2014,1,8,01/08/2014,1389139200,1.2208210229873657,75.0,01/08/2014,1.2208210229873657
518,2014,1,15,01/15/2014,1389744000,-0.2779756188392639,75.0,01/15/2014,-0.2779756188392639
519,2014,1,22,01/22/2014,1390348800,-1.1373144388198853,75.0,01/22/2014,-1.1373144388198853
520,2014,1,29,01/29/2014,1390953600,-1.6605807542800903,75.0,01/29/2014,-1.6605807542800903
521,2014,2,5,02/05/2014,1391558400,-1.8023312091827393,75.0,02/05/2014,-1.8023312091827393
522,2014,2,12,02/12/2014,1392163200,-1.0498664379119873,75.0,02/12/2014,-1.0498664379119873
523,2014,2,19,02/19/2014,1392768000,0.42638131976127625,75.0,02/19/2014,0.42638131976127625
524,2014,2,26,02/26/2014,1393372800,1.0915067195892334,75.0,02/26/2014,1.0915067195892334
525,2014,3,5,03/05/2014,1393977600,1.1318116188049316,75.0,03/05/2014,1.1318116188049316
526,2014,3,12,03/12/2014,1394582400,1.0657521486282349,75.0,03/12/2014,1.0657521486282349
527,2014,3,19,03/19/2014,1395187200,-0.07890916615724564,75.0,03/19/2014,-0.07890916615724564
528,2014,3,26,03/26/2014,1395792000,-0.4646548628807068,75.0,03/26/2014,-0.4646548628807068
529,2014,4,2,04/02/2014,1396396800,-0.22915036976337433,75.0,04/02/2014,-0.22915036976337433
530,2014,4,9,04/09/2014,1397001600,-0.3008393347263336,75.0,04/09/2014,-0.3008393347263336
531,2014,4,16,04/16/2014,1397606400,-0.023433316498994827,75.0,04/16/2014,-0.023433316498994827
532,2014,4,23,04/23/2014,1398211200,-0.3164951205253601,75.0,04/23/2014,-0.3164951205253601
533,2014,4,30,04/30/2014,1398816000,-0.007822719402611256,75.0,04/30/2014,-0.007822719402611256
534,2014,5,7,05/07/2014,1399420800,-0.08916851133108139,75.0,05/07/2014,-0.08916851133108139
535,2014,5,14,05/14/2014,1400025600,-0.6495511531829834,75.0,05/14/2014,-0.6495511531829834
536,2014,5,21,05/21/2014,1400630400,-1.1672512292861938,75.0,05/21/2014,-1.1672512292861938
537,2014,5,28,05/28/2014,1401235200,-1.0660037994384766,75.0,05/28/2014,-1.0660037994384766
538,2014,6,4,06/04/2014,1401840000,-0.5066602826118469,75.0,06/04/2014,-0.5066602826118469
539,2014,6,11,06/11/2014,1402444800,-0.5661588311195374,75.0,06/11/2014,-0.5661588311195374
540,2014,6,18,06/18/2014,1403049600,0.45247235894203186,75.0,06/18/2014,0.45247235894203186
541,2014,6,25,06/25/2014,1403654400,0.9526572227478027,75.0,06/25/2014,0.9526572227478027
542,2014,7,2,07/02/2014,1404259200,1.133386492729187,75.0,07/02/2014,1.133386492729187
543,2014,7,9,07/09/2014,1404864000,0.7926763892173767,75.0,07/09/2014,0.7926763892173767
544,2014,7,16,07/16/2014,1405468800,0.23334117233753204,75.0,07/16/2014,0.23334117233753204
545,2014,7,23,07/23/2014,1406073600,-0.3589893579483032,75.0,07/23/2014,-0.3589893579483032
546,2014,7,30,07/30/2014,1406678400,-1.1225205659866333,75.0,07/30/2014,-1.1225205659866333
547,2014,8,6,08/06/2014,1407283200,-0.6949238777160645,75.0,08/06/2014,-0.6949238777160645
548,2014,8,13,08/13/2014,1407888000,-0.9963177442550659,75.0,08/13/2014,-0.9963177442550659
549,2014,8,20,08/20/2014,1408492800,-1.561858057975769,75.0,08/20/2014,-1.561858057975769
550,2014,8,27,08/27/2014,1409097600,-1.6984244585037231,75.0,08/27/2014,-1.6984244585037231
551,2014,9,3,09/03/2014,1409702400,-1.6249984502792358,75.0,09/03/2014,-1.6249984502792358
552,2014,9,10,09/10/2014,1410307200,-1.9742467403411865,75.0,09/10/2014,-1.9742467403411865
553,2014,9,17,09/17/2014,1410912000,-0.7208583950996399,75.0,09/17/2014,-0.7208583950996399
554,2014,9,24,09/24/2014,1411516800,-0.38126295804977417,75.0,09/24/2014,-0.38126295804977417
555,2014,10,1,10/01/2014,1412121600,-0.5616465210914612,75.0,10/01/2014,-0.5616465210914612
556,2014,10,8,10/08/2014,1412726400,0.28834179043769836,75.0,10/08/2014,0.28834179043769836
557,2014,10,15,10/15/2014,1413331200,-0.057622164487838745,75.0,10/15/2014,-0.057622164487838745
558,2014,10,22,10/22/2014,1413936000,0.15655426681041718,75.0,10/22/2014,0.15655426681041718
559,2014,10,29,10/29/2014,1414540800,0.5436960458755493,75.0,10/29/2014,0.5436960458755493
560,2014,11,5,11/05/2014,1415145600,0.8582344651222229,75.0,11/05/2014,0.8582344651222229
561,2014,11,12,11/12/2014,1415750400,0.9907721281051636,75.0,11/12/2014,0.9907721281051636
562,2014,11,19,11/19/2014,1416355200,0.7750659584999084,75.0,11/19/2014,0.7750659584999084
563,2014,11,26,11/26/2014,1416960000,1.053910255432129,75.0,11/26/2014,1.053910255432129
564,2014,12,3,12/03/2014,1417564800,0.6145027279853821,75.0,12/03/2014,0.6145027279853821
565,2014,12,11,12/11/2014,1418256000,1.1121612787246704,75.0,12/11/2014,1.1121612787246704
566,2014,12,18,12/18/2014,1418860800,1.7129218578338623,75.0,12/18/2014,1.7129218578338623
567,2014,12,25,12/25/2014,1419465600,0.7462669610977173,75.0,12/25/2014,0.7462669610977173
568,2015,1,1,01/01/2015,1420070400,1.0715080499649048,75.0,01/01/2015,1.0715080499649048
569,2015,1,8,01/08/2015,1420675200,0.5446751117706299,75.0,01/08/2015,0.5446751117706299
570,2015,1,15,01/15/2015,1421280000,-0.6638712286949158,75.0,01/15/2015,-0.6638712286949158
571,2015,1,22,01/22/2015,1421884800,0.7514491081237793,75.0,01/22/2015,0.7514491081237793
572,2015,1,29,01/29/2015,1422489600,0.9736438393592834,75.0,01/29/2015,0.9736438393592834
573,2015,2,5,02/05/2015,1423094400,1.9086389541625977,75.0,02/05/2015,1.9086389541625977
574,2015,2,12,02/12/2015,1423699200,2.064222812652588,75.0,02/12/2015,2.064222812652588
575,2015,2,19,02/19/2015,1424304000,1.2879103422164917,75.0,02/19/2015,1.2879103422164917
576,2015,2,26,02/26/2015,1424908800,1.0761967897415161,75.0,02/26/2015,1.0761967897415161
577,2015,3,5,03/05/2015,1425513600,0.7834275364875793,75.0,03/05/2015,0.7834275364875793
578,2015,3,12,03/12/2015,1426118400,1.3902530670166016,75.0,03/12/2015,1.3902530670166016
579,2015,3,19,03/19/2015,1426723200,1.7904307842254639,75.0,03/19/2015,1.7904307842254639
580,2015,3,26,03/26/2015,1427328000,1.9490045309066772,75.0,03/26/2015,1.9490045309066772
581,2015,4,2,04/02/2015,1427932800,1.341821312904358,75.0,04/02/2015,1.341821312904358
582,2015,4,9,04/09/2015,1428537600,1.4444823265075684,75.0,04/09/2015,1.4444823265075684
583,2015,4,16,04/16/2015,1429142400,1.4031949043273926,75.0,04/16/2015,1.4031949043273926
584,2015,4,23,04/23/2015,1429747200,1.4232889413833618,75.0,04/23/2015,1.4232889413833618
585,2015,4,30,04/30/2015,1430352000,2.189474582672119,75.0,04/30/2015,2.189474582672119
586,2015,5,7,05/07/2015,1430956800,2.1261329650878906,75.0,05/07/2015,2.1261329650878906
587,2015,5,14,05/14/2015,1431561600,2.0991978645324707,75.0,05/14/2015,2.0991978645324707
588,2015,5,21,05/21/2015,1432166400,1.7596383094787598,75.0,05/21/2015,1.7596383094787598
589,2015,5,28,05/28/2015,1432771200,2.0924265384674072,75.0,05/28/2015,2.0924265384674072
590,2015,6,4,06/04/2015,1433376000,1.8622621297836304,75.0,06/04/2015,1.8622621297836304
591,2015,6,11,06/11/2015,1433980800,1.5160903930664062,75.0,06/11/2015,1.5160903930664062
592,2015,6,18,06/18/2015,1434585600,1.625364899635315,75.0,06/18/2015,1.625364899635315
593,2015,6,25,06/25/2015,1435190400,1.0632137060165405,75.0,06/25/2015,1.0632137060165405
594,2015,7,2,07/02/2015,1435795200,0.885011613368988,75.0,07/02/2015,0.885011613368988
595,2015,7,9,07/09/2015,1436400000,1.56395423412323,75.0,07/09/2015,1.56395423412323
596,2015,7,16,07/16/2015,1437004800,0.8628119230270386,75.0,07/16/2015,0.8628119230270386
597,2015,7,23,07/23/2015,1437609600,0.5118592977523804,75.0,07/23/2015,0.5118592977523804
598,2015,7,30,07/30/2015,1438214400,0.8522250056266785,75.0,07/30/2015,0.8522250056266785
599,2015,8,6,08/06/2015,1438819200,-0.07617262750864029,75.0,08/06/2015,-0.07617262750864029
600,2015,8,13,08/13/2015,1439424000,0.2538725733757019,75.0,08/13/2015,0.2538725733757019
601,2015,8,20,08/20/2015,1440028800,0.19200043380260468,75.0,08/20/2015,0.19200043380260468
602,2015,8,27,08/27/2015,1440633600,-0.37837478518486023,75.0,08/27/2015,-0.37837478518486023
603,2015,9,3,09/03/2015,1441238400,-0.6860117316246033,75.0,09/03/2015,-0.6860117316246033
604,2015,9,10,09/10/2015,1441843200,0.22382408380508423,75.0,09/10/2015,0.22382408380508423
605,2015,9,17,09/17/2015,1442448000,1.1062884330749512,75.0,09/17/2015,1.1062884330749512
606,2015,9,24,09/24/2015,1443052800,1.6507624387741089,75.0,09/24/2015,1.6507624387741089
607,2015,10,1,10/01/2015,1443657600,2.4508249759674072,75.0,10/01/2015,2.4508249759674072
608,2015,10,8,10/08/2015,1444262400,2.2592334747314453,75.0,10/08/2015,2.2592334747314453
609,2015,10,15,10/15/2015,1444867200,3.0018794536590576,75.0,10/15/2015,3.0018794536590576
610,2015,10,22,10/22/2015,1445472000,2.6512374877929688,75.0,10/22/2015,2.6512374877929688
611,2015,10,29,10/29/2015,1446076800,2.1827127933502197,75.0,10/29/2015,2.1827127933502197
612,2015,11,5,11/05/2015,1446681600,1.974552869796753,75.0,11/05/2015,1.974552869796753
613,2015,11,12,11/12/2015,1447286400,0.7284036874771118,75.0,11/12/2015,0.7284036874771118
614,2015,11,19,11/19/2015,1447891200,0.6927687525749207,75.0,11/19/2015,0.6927687525749207
615,2015,11,26,11/26/2015,1448496000,0.5530250668525696,75.0,11/26/2015,0.5530250668525696
616,2015,12,3,12/03/2015,1449100800,0.456070214509964,75.0,12/03/2015,0.456070214509964
617,2015,12,11,12/11/2015,1449792000,0.6791870594024658,75.0,12/11/2015,0.6791870594024658
618,2015,12,18,12/18/2015,1450396800,0.40692955255508423,75.0,12/18/2015,0.40692955255508423
619,2015,12,25,12/25/2015,1451001600,0.052905403077602386,75.0,12/25/2015,0.052905403077602386
620,2016,1,1,01/01/2016,1451606400,0.13453330099582672,75.0,01/01/2016,0.13453330099582672
621,2016,1,8,01/08/2016,1452211200,0.1859508603811264,75.0,01/08/2016,0.1859508603811264
622,2016,1,15,01/15/2016,1452816000,0.38680773973464966,75.0,01/15/2016,0.38680773973464966
623,2016,1,22,01/22/2016,1453420800,0.213370680809021,75.0,01/22/2016,0.213370680809021
624,2016,1,29,01/29/2016,1454025600,0.6640981435775757,75.0,01/29/2016,0.6640981435775757
625,2016,2,5,02/05/2016,1454630400,0.6791712045669556,75.0,02/05/2016,0.6791712045669556
626,2016,2,12,02/12/2016,1455235200,-0.011554459109902382,75.0,02/12/2016,-0.011554459109902382
627,2016,2,19,02/19/2016,1455840000,0.1896999478340149,75.0,02/19/2016,0.1896999478340149
628,2016,2,26,02/26/2016,1456444800,0.234910249710083,75.0,02/26/2016,0.234910249710083
629,2016,3,4,03/04/2016,1457049600,0.6475324630737305,75.0,03/04/2016,0.6475324630737305
630,2016,3,11,03/11/2016,1457654400,0.8113940954208374,75.0,03/11/2016,0.8113940954208374
631,2016,3,18,03/18/2016,1458259200,1.2294244766235352,75.0,03/18/2016,1.2294244766235352
632,2016,3,25,03/25/2016,1458864000,0.7326129674911499,75.0,03/25/2016,0.7326129674911499
633,2016,4,1,04/01/2016,1459468800,0.14576813578605652,75.0,04/01/2016,0.14576813578605652
634,2016,4,8,04/08/2016,1460073600,0.2380797117948532,75.0,04/08/2016,0.2380797117948532
635,2016,4,15,04/15/2016,1460678400,-0.5148638486862183,75.0,04/15/2016,-0.5148638486862183
636,2016,4,22,04/22/2016,1461283200,-0.5326738357543945,75.0,04/22/2016,-0.5326738357543945
637,2016,4,29,04/29/2016,1461888000,-0.08469656854867935,75.0,04/29/2016,-0.08469656854867935
638,2016,5,6,05/06/2016,1462492800,0.39643537998199463,75.0,05/06/2016,0.39643537998199463
639,2016,5,13,05/13/2016,1463097600,-0.10981578379869461,75.0,05/13/2016,-0.10981578379869461
640,2016,5,20,05/20/2016,1463702400,0.2448538988828659,75.0,05/20/2016,0.2448538988828659
641,2016,5,27,05/27/2016,1464307200,-0.044040534645318985,75.0,05/27/2016,-0.044040534645318985
642,2016,6,3,06/03/2016,1464912000,0.002751704538241029,75.0,06/03/2016,0.002751704538241029
643,2016,6,10,06/10/2016,1465516800,0.7213081121444702,75.0,06/10/2016,0.7213081121444702
644,2016,6,17,06/17/2016,1466121600,1.021321415901184,75.0,06/17/2016,1.021321415901184
645,2016,6,24,06/24/2016,1466726400,0.6623214483261108,75.0,06/24/2016,0.6623214483261108
646,2016,7,1,07/01/2016,1467331200,0.13428625464439392,75.0,07/01/2016,0.13428625464439392
647,2016,7,8,07/08/2016,1467936000,0.24123834073543549,75.0,07/08/2016,0.24123834073543549
648,2016,7,15,07/15/2016,1468540800,0.20784452557563782,75.0,07/15/2016,0.20784452557563782
649,2016,7,22,07/22/2016,1469145600,0.748009204864502,75.0,07/22/2016,0.748009204864502
650,2016,7,29,07/29/2016,1469750400,2.0254552364349365,75.0,07/29/2016,2.0254552364349365
651,2016,8,5,08/05/2016,1470355200,1.3265949487686157,75.0,08/05/2016,1.3265949487686157
652,2016,8,12,08/12/2016,1470960000,1.6822513341903687,75.0,08/12/2016,1.6822513341903687
653,2016,8,19,08/19/2016,1471564800,1.814566731452942,75.0,08/19/2016,1.814566731452942
654,2016,8,26,08/26/2016,1472169600,1.1344305276870728,75.0,08/26/2016,1.1344305276870728
655,2016,9,2,09/02/2016,1472774400,1.3942545652389526,75.0,09/02/2016,1.3942545652389526
656,2016,9,9,09/09/2016,1473379200,0.36869069933891296,75.0,09/09/2016,0.36869069933891296
657,2016,9,16,09/16/2016,1473984000,-0.15191909670829773,75.0,09/16/2016,-0.15191909670829773
658,2016,9,23,09/23/2016,1474588800,0.04652424156665802,75.0,09/23/2016,0.04652424156665802
659,2016,9,30,09/30/2016,1475193600,0.12425191700458527,75.0,09/30/2016,0.12425191700458527
660,2016,10,7,10/07/2016,1475798400,0.8025118708610535,75.0,10/07/2016,0.8025118708610535
661,2016,10,14,10/14/2016,1476403200,0.10532714426517487,75.0,10/14/2016,0.10532714426517487
662,2016,10,21,10/21/2016,1477008000,0.6046580672264099,75.0,10/21/2016,0.6046580672264099
663,2016,10,28,10/28/2016,1477612800,-0.3633383810520172,75.0,10/28/2016,-0.3633383810520172
664,2016,11,4,11/04/2016,1478217600,-0.7917817831039429,75.0,11/04/2016,-0.7917817831039429
665,2016,11,11,11/11/2016,1478822400,0.3051566779613495,75.0,11/11/2016,0.3051566779613495
666,2016,11,18,11/18/2016,1479427200,0.7309662699699402,75.0,11/18/2016,0.7309662699699402
667,2016,11,25,11/25/2016,1480032000,2.0772390365600586,75.0,11/25/2016,2.0772390365600586
668,2016,12,2,12/02/2016,1480636800,1.6320401430130005,75.0,12/02/2016,1.6320401430130005
669,2016,12,11,12/11/2016,1481414400,2.8547699451446533,75.0,12/11/2016,2.8547699451446533
670,2016,12,18,12/18/2016,1482019200,1.5518416166305542,75.0,12/18/2016,1.5518416166305542
671,2016,12,25,12/25/2016,1482624000,0.09176837652921677,75.0,12/25/2016,0.09176837652921677
672,2017,1,1,01/01/2017,1483228800,-0.21705059707164764,75.0,01/01/2017,-0.21705059707164764
673,2017,1,8,01/08/2017,1483833600,-0.6395770311355591,75.0,01/08/2017,-0.6395770311355591
674,2017,1,15,01/15/2017,1484438400,-0.33724698424339294,75.0,01/15/2017,-0.33724698424339294
675,2017,1,22,01/22/2017,1485043200,-0.07870038598775864,75.0,01/22/2017,-0.07870038598775864
676,2017,1,29,01/29/2017,1485648000,0.17274992167949677,75.0,01/29/2017,0.17274992167949677
677,2017,2,5,02/05/2017,1486252800,0.3088984191417694,75.0,02/05/2017,0.3088984191417694
678,2017,2,12,02/12/2017,1486857600,0.7298863530158997,75.0,02/12/2017,0.7298863530158997
679,2017,2,19,02/19/2017,1487462400,1.1249310970306396,75.0,02/19/2017,1.1249310970306396
680,2017,2,26,02/26/2017,1488067200,1.3162975311279297,75.0,02/26/2017,1.3162975311279297
681,2017,3,5,03/05/2017,1488672000,0.9687544703483582,75.0,03/05/2017,0.9687544703483582
682,2017,3,12,03/12/2017,1489276800,0.7298952341079712,75.0,03/12/2017,0.7298952341079712
683,2017,3,19,03/19/2017,1489881600,0.2661047577857971,75.0,03/19/2017,0.2661047577857971
684,2017,3,26,03/26/2017,1490486400,-0.22841212153434753,75.0,03/26/2017,-0.22841212153434753
685,2017,4,2,04/02/2017,1491091200,0.13825704157352448,75.0,04/02/2017,0.13825704157352448
686,2017,4,9,04/09/2017,1491696000,0.8054834008216858,75.0,04/09/2017,0.8054834008216858
687,2017,4,16,04/16/2017,1492300800,0.9709709882736206,75.0,04/16/2017,0.9709709882736206
688,2017,4,23,04/23/2017,1492905600,1.446568489074707,75.0,04/23/2017,1.446568489074707
689,2017,4,30,04/30/2017,1493510400,-0.25360527634620667,75.0,04/30/2017,-0.25360527634620667
690,2017,5,7,05/07/2017,1494115200,-0.7724817991256714,75.0,05/07/2017,-0.7724817991256714
691,2017,5,14,05/14/2017,1494720000,-1.5436886548995972,75.0,05/14/2017,-1.5436886548995972
692,2017,5,21,05/21/2017,1495324800,-1.3459665775299072,75.0,05/21/2017,-1.3459665775299072
693,2017,5,28,05/28/2017,1495929600,-0.2711074948310852,75.0,05/28/2017,-0.2711074948310852
694,2017,6,4,06/04/2017,1496534400,-1.1389131546020508,75.0,06/04/2017,-1.1389131546020508
695,2017,6,11,06/11/2017,1497139200,-0.43194127082824707,75.0,06/11/2017,-0.43194127082824707
696,2017,6,18,06/18/2017,1497744000,-0.004625183064490557,75.0,06/18/2017,-0.004625183064490557
697,2017,6,25,06/25/2017,1498348800,0.04740932583808899,75.0,06/25/2017,0.04740932583808899
698,2017,7,2,07/02/2017,1498953600,1.3222872018814087,75.0,07/02/2017,1.3222872018814087
699,2017,7,9,07/09/2017,1499558400,1.5498631000518799,75.0,07/09/2017,1.5498631000518799
700,2017,7,16,07/16/2017,1500163200,1.9792157411575317,75.0,07/16/2017,1.9792157411575317
701,2017,7,23,07/23/2017,1500768000,1.5337344408035278,75.0,07/23/2017,1.5337344408035278
702,2017,7,30,07/30/2017,1501372800,1.1421104669570923,75.0,07/30/2017,1.1421104669570923
703,2017,8,6,08/06/2017,1501977600,0.8741384744644165,75.0,08/06/2017,0.8741384744644165
704,2017,8,13,08/13/2017,1502582400,0.4410557150840759,75.0,08/13/2017,0.4410557150840759
705,2017,8,20,08/20/2017,1503187200,1.2923681735992432,75.0,08/20/2017,1.2923681735992432
706,2017,8,27,08/27/2017,1503792000,2.2572810649871826,75.0,08/27/2017,2.2572810649871826
707,2017,9,3,09/03/2017,1504396800,1.9565738439559937,75.0,09/03/2017,1.9565738439559937
708,2017,9,10,09/10/2017,1505001600,2.9038922786712646,75.0,09/10/2017,2.9038922786712646
709,2017,9,17,09/17/2017,1505606400,1.5217416286468506,75.0,09/17/2017,1.5217416286468506
710,2017,9,24,09/24/2017,1506211200,1.1471669673919678,75.0,09/24/2017,1.1471669673919678
711,2017,10,1,10/01/2017,1506816000,1.3303991556167603,75.0,10/01/2017,1.3303991556167603
712,2017,10,8,10/08/2017,1507420800,1.0172356367111206,75.0,10/08/2017,1.0172356367111206
713,2017,10,15,10/15/2017,1508025600,0.5165741443634033,75.0,10/15/2017,0.5165741443634033
714,2017,10,22,10/22/2017,1508630400,-0.3227580785751343,75.0,10/22/2017,-0.3227580785751343
715,2017,10,29,10/29/2017,1509235200,0.08261959254741669,75.0,10/29/2017,0.08261959254741669
716,2017,11,5,11/05/2017,1509840000,0.368437796831131,75.0,11/05/2017,0.368437796831131
717,2017,11,12,11/12/2017,1510444800,0.2917216420173645,75.0,11/12/2017,0.2917216420173645
718,2017,11,19,11/19/2017,1511049600,-0.5243661403656006,75.0,11/19/2017,-0.5243661403656006
719,2017,11,26,11/26/2017,1511654400,0.5544921159744263,75.0,11/26/2017,0.5544921159744263
720,2017,12,3,12/03/2017,1512259200,2.123487710952759,75.0,12/03/2017,2.123487710952759
721,2017,12,11,12/11/2017,1512950400,3.0770061016082764,75.0,12/11/2017,3.0770061016082764
722,2017,12,18,12/18/2017,1513555200,3.5,75.0,12/18/2017,3.5
723,2017,12,25,12/25/2017,1514160000,2.932171106338501,75.0,12/25/2017,2.932171106338501
724,2018,1,1,01/01/2018,1514764800,3.5,75.0,01/01/2018,3.5
725,2018,1,8,01/08/2018,1515369600,2.8186724185943604,75.0,01/08/2018,2.8186724185943604
726,2018,1,15,01/15/2018,1515974400,3.0713088512420654,75.0,01/15/2018,3.0713088512420654
727,2018,1,22,01/22/2018,1516579200,2.873075246810913,75.0,01/22/2018,2.873075246810913
728,2018,1,29,01/29/2018,1517184000,1.3600867986679077,75.0,01/29/2018,1.3600867986679077
729,2018,2,5,02/05/2018,1517788800,0.8963490128517151,75.0,02/05/2018,0.8963490128517151
730,2018,2,12,02/12/2018,1518393600,0.4526129364967346,75.0,02/12/2018,0.4526129364967346
731,2018,2,19,02/19/2018,1518998400,-0.5298535823822021,75.0,02/19/2018,-0.5298535823822021
732,2018,2,26,02/26/2018,1519603200,-0.9935371279716492,75.0,02/26/2018,-0.9935371279716492
733,2018,3,5,03/05/2018,1520208000,-0.7052117586135864,75.0,03/05/2018,-0.7052117586135864
734,2018,3,12,03/12/2018,1520812800,-1.3274257183074951,75.0,03/12/2018,-1.3274257183074951
735,2018,3,19,03/19/2018,1521417600,-0.7883714437484741,75.0,03/19/2018,-0.7883714437484741
736,2018,3,26,03/26/2018,1522022400,-0.3099055290222168,75.0,03/26/2018,-0.3099055290222168
737,2018,4,2,04/02/2018,1522627200,-0.461492121219635,75.0,04/02/2018,-0.461492121219635
738,2018,4,9,04/09/2018,1523232000,-0.03766694664955139,75.0,04/09/2018,-0.03766694664955139
739,2018,4,16,04/16/2018,1523836800,0.23670020699501038,75.0,04/16/2018,0.23670020699501038
740,2018,4,23,04/23/2018,1524441600,0.08611550182104111,75.0,04/23/2018,0.08611550182104111
741,2018,4,30,04/30/2018,1525046400,0.5570740699768066,75.0,04/30/2018,0.5570740699768066
742,2018,5,7,05/07/2018,1525651200,0.9998993277549744,75.0,05/07/2018,0.9998993277549744
743,2018,5,14,05/14/2018,1526256000,0.30676108598709106,75.0,05/14/2018,0.30676108598709106
744,2018,5,21,05/21/2018,1526860800,0.6747452616691589,75.0,05/21/2018,0.6747452616691589
745,2018,5,28,05/28/2018,1527465600,0.5352162718772888,75.0,05/28/2018,0.5352162718772888
746,2018,6,4,06/04/2018,1528070400,0.0002670084941200912,75.0,06/04/2018,0.0002670084941200912
747,2018,6,11,06/11/2018,1528675200,0.2074199616909027,75.0,06/11/2018,0.2074199616909027
748,2018,6,18,06/18/2018,1529280000,0.5992394089698792,75.0,06/18/2018,0.5992394089698792
749,2018,6,25,06/25/2018,1529884800,0.6755359768867493,75.0,06/25/2018,0.6755359768867493
750,2018,7,2,07/02/2018,1530489600,1.238985538482666,75.0,07/02/2018,1.238985538482666
751,2018,7,9,07/09/2018,1531094400,2.564847230911255,75.0,07/09/2018,2.564847230911255
752,2018,7,16,07/16/2018,1531699200,0.41323935985565186,75.0,07/16/2018,0.41323935985565186
753,2018,7,23,07/23/2018,1532304000,1.6366444826126099,75.0,07/23/2018,1.6366444826126099
754,2018,7,30,07/30/2018,1532908800,2.2326786518096924,75.0,07/30/2018,2.2326786518096924
755,2018,8,6,08/06/2018,1533513600,2.599992275238037,75.0,08/06/2018,2.599992275238037
756,2018,8,13,08/13/2018,1534118400,3.245532512664795,75.0,08/13/2018,3.245532512664795
757,2018,8,20,08/20/2018,1534723200,3.028264045715332,75.0,08/20/2018,3.028264045715332
758,2018,8,27,08/27/2018,1535328000,2.009559392929077,75.0,08/27/2018,2.009559392929077
759,2018,9,3,09/03/2018,1535932800,0.5599554777145386,75.0,09/03/2018,0.5599554777145386
760,2018,9,10,09/10/2018,1536537600,0.8979257345199585,75.0,09/10/2018,0.8979257345199585
761,2018,9,17,09/17/2018,1537142400,1.1982523202896118,75.0,09/17/2018,1.1982523202896118
762,2018,9,24,09/24/2018,1537747200,2.13578200340271,75.0,09/24/2018,2.13578200340271
763,2018,10,1,10/01/2018,1538352000,1.5779314041137695,75.0,10/01/2018,1.5779314041137695
764,2018,10,8,10/08/2018,1538956800,0.27933841943740845,75.0,10/08/2018,0.27933841943740845
765,2018,10,15,10/15/2018,1539561600,0.5384936928749084,75.0,10/15/2018,0.5384936928749084
766,2018,10,22,10/22/2018,1540166400,0.3665682077407837,75.0,10/22/2018,0.3665682077407837
767,2018,10,29,10/29/2018,1540771200,1.7087888717651367,75.0,10/29/2018,1.7087888717651367
768,2018,11,5,11/05/2018,1541376000,2.5378384590148926,75.0,11/05/2018,2.5378384590148926
769,2018,11,12,11/12/2018,1541980800,2.90069580078125,75.0,11/12/2018,2.90069580078125
770,2018,11,19,11/19/2018,1542585600,2.3317766189575195,75.0,11/19/2018,2.3317766189575195
771,2018,11,26,11/26/2018,1543190400,1.3831866979599,75.0,11/26/2018,1.3831866979599
772,2018,12,3,12/03/2018,1543795200,0.5458463430404663,75.0,12/03/2018,0.5458463430404663
773,2018,12,11,12/11/2018,1544486400,-0.39451003074645996,75.0,12/11/2018,-0.39451003074645996
774,2018,12,18,12/18/2018,1545091200,-0.2773674428462982,75.0,12/18/2018,-0.2773674428462982
775,2018,12,25,12/25/2018,1545696000,-0.5389541387557983,75.0,12/25/2018,-0.5389541387557983
776,2019,1,1,01/01/2019,1546300800,-0.6245925426483154,75.0,01/01/2019,-0.6245925426483154
777,2019,1,8,01/08/2019,1546905600,-0.6322382092475891,75.0,01/08/2019,-0.6322382092475891
778,2019,1,15,01/15/2019,1547510400,0.3403782844543457,75.0,01/15/2019,0.3403782844543457
779,2019,1,22,01/22/2019,1548115200,0.18409693241119385,75.0,01/22/2019,0.18409693241119385
780,2019,1,29,01/29/2019,1548720000,0.3947620093822479,75.0,01/29/2019,0.3947620093822479
781,2019,2,5,02/05/2019,1549324800,1.227774739265442,75.0,02/05/2019,1.227774739265442
782,2019,2,12,02/12/2019,1549929600,0.8672532439231873,75.0,02/12/2019,0.8672532439231873
783,2019,2,19,02/19/2019,1550534400,1.6137278079986572,75.0,02/19/2019,1.6137278079986572
784,2019,2,26,02/26/2019,1551139200,1.9935903549194336,75.0,02/26/2019,1.9935903549194336
785,2019,3,5,03/05/2019,1551744000,1.9492201805114746,75.0,03/05/2019,1.9492201805114746
786,2019,3,12,03/12/2019,1552348800,1.6401437520980835,75.0,03/12/2019,1.6401437520980835
787,2019,3,19,03/19/2019,1552953600,0.8807938694953918,75.0,03/19/2019,0.8807938694953918
788,2019,3,26,03/26/2019,1553558400,1.320461630821228,75.0,03/26/2019,1.320461630821228
789,2019,4,2,04/02/2019,1554163200,1.2385963201522827,75.0,04/02/2019,1.2385963201522827
790,2019,4,9,04/09/2019,1554768000,1.4110593795776367,75.0,04/09/2019,1.4110593795776367
791,2019,4,16,04/16/2019,1555372800,1.690061330795288,75.0,04/16/2019,1.690061330795288
792,2019,4,23,04/23/2019,1555977600,0.3585057556629181,75.0,04/23/2019,0.3585057556629181
793,2019,4,30,04/30/2019,1556582400,0.3434763252735138,75.0,04/30/2019,0.3434763252735138
794,2019,5,7,05/07/2019,1557187200,0.2797657251358032,75.0,05/07/2019,0.2797657251358032
795,2019,5,14,05/14/2019,1557792000,-0.008255865424871445,75.0,05/14/2019,-0.008255865424871445
796,2019,5,21,05/21/2019,1558396800,0.6668849587440491,75.0,05/21/2019,0.6668849587440491
797,2019,5,28,05/28/2019,1559001600,0.993635892868042,75.0,05/28/2019,0.993635892868042
798,2019,6,4,06/04/2019,1559606400,1.366693139076233,75.0,06/04/2019,1.366693139076233
799,2019,6,11,06/11/2019,1560211200,1.7676494121551514,75.0,06/11/2019,1.7676494121551514
800,2019,6,18,06/18/2019,1560816000,1.1024409532546997,75.0,06/18/2019,1.1024409532546997
801,2019,6,25,06/25/2019,1561420800,0.7821753621101379,75.0,06/25/2019,0.7821753621101379
802,2019,7,2,07/02/2019,1562025600,0.23591716587543488,75.0,07/02/2019,0.23591716587543488
803,2019,7,9,07/09/2019,1562630400,1.0920451879501343,75.0,07/09/2019,1.0920451879501343
804,2019,7,16,07/16/2019,1563235200,0.5680530071258545,75.0,07/16/2019,0.5680530071258545
805,2019,7,23,07/23/2019,1563840000,-0.9810030460357666,75.0,07/23/2019,-0.9810030460357666
806,2019,7,30,07/30/2019,1564444800,-0.8804817199707031,75.0,07/30/2019,-0.8804817199707031
807,2019,8,6,08/06/2019,1565049600,-1.5043491125106812,75.0,08/06/2019,-1.5043491125106812
808,2019,8,13,08/13/2019,1565654400,-0.36145323514938354,75.0,08/13/2019,-0.36145323514938354
809,2019,8,20,08/20/2019,1566259200,1.2823154926300049,75.0,08/20/2019,1.2823154926300049
810,2019,8,27,08/27/2019,1566864000,1.9854834079742432,75.0,08/27/2019,1.9854834079742432
811,2019,9,3,09/03/2019,1567468800,1.8756085634231567,75.0,09/03/2019,1.8756085634231567
812,2019,9,10,09/10/2019,1568073600,0.9178873896598816,75.0,09/10/2019,0.9178873896598816
813,2019,9,17,09/17/2019,1568678400,-0.1757354587316513,75.0,09/17/2019,-0.1757354587316513
814,2019,9,24,09/24/2019,1569283200,0.1399855762720108,75.0,09/24/2019,0.1399855762720108
815,2019,10,1,10/01/2019,1569888000,0.6443430185317993,75.0,10/01/2019,0.6443430185317993
816,2019,10,8,10/08/2019,1570492800,0.4432336091995239,75.0,10/08/2019,0.4432336091995239
817,2019,10,15,10/15/2019,1571097600,0.49779701232910156,75.0,10/15/2019,0.49779701232910156
818,2019,10,22,10/22/2019,1571702400,-0.18402378261089325,75.0,10/22/2019,-0.18402378261089325
819,2019,10,29,10/29/2019,1572307200,-1.2887096405029297,75.0,10/29/2019,-1.2887096405029297
820,2019,11,5,11/05/2019,1572912000,-0.9088048934936523,75.0,11/05/2019,-0.9088048934936523
821,2019,11,12,11/12/2019,1573516800,-0.22612276673316956,75.0,11/12/2019,-0.22612276673316956
822,2019,11,19,11/19/2019,1574121600,0.33343902230262756,75.0,11/19/2019,0.33343902230262756
823,2019,11,26,11/26/2019,1574726400,0.16935694217681885,75.0,11/26/2019,0.16935694217681885
824,2019,12,3,12/03/2019,1575331200,0.41511431336402893,75.0,12/03/2019,0.41511431336402893
825,2019,12,11,12/11/2019,1576022400,-0.21185727417469025,75.0,12/11/2019,-0.21185727417469025
826,2019,12,18,12/18/2019,1576627200,0.26932820677757263,75.0,12/18/2019,0.26932820677757263
827,2019,12,25,12/25/2019,1577232000,2.02455997467041,75.0,12/25/2019,2.02455997467041
828,2020,1,1,01/01/2020,1577836800,2.7779154777526855,75.0,01/01/2020,2.7779154777526855
829,2020,1,8,01/08/2020,1578441600,3.5,75.0,01/08/2020,3.5
830,2020,1,15,01/15/2020,1579046400,3.127234697341919,75.0,01/15/2020,3.127234697341919
831,2020,1,22,01/22/2020,1579651200,1.9069325923919678,75.0,01/22/2020,1.9069325923919678
832,2020,1,29,01/29/2020,1580256000,2.1898581981658936,75.0,01/29/2020,2.1898581981658936
833,2020,2,5,02/05/2020,1580860800,1.6603262424468994,75.0,02/05/2020,1.6603262424468994
834,2020,2,12,02/12/2020,1581465600,1.6653269529342651,75.0,02/12/2020,1.6653269529342651
835,2020,2,19,02/19/2020,1582070400,1.7227756977081299,75.0,02/19/2020,1.7227756977081299
836,2020,2,26,02/26/2020,1582675200,2.0328710079193115,75.0,02/26/2020,2.0328710079193115
837,2020,3,4,03/04/2020,1583280000,1.7703222036361694,75.0,03/04/2020,1.7703222036361694
838,2020,3,11,03/11/2020,1583884800,1.808715581893921,75.0,03/11/2020,1.808715581893921
839,2020,3,18,03/18/2020,1584489600,1.768324613571167,75.0,03/18/2020,1.768324613571167
840,2020,3,25,03/25/2020,1585094400,0.9703341126441956,75.0,03/25/2020,0.9703341126441956
841,2020,4,1,04/01/2020,1585699200,1.3288261890411377,75.0,04/01/2020,1.3288261890411377
842,2020,4,8,04/08/2020,1586304000,2.2961320877075195,75.0,04/08/2020,2.2961320877075195
843,2020,4,15,04/15/2020,1586908800,1.95775306224823,75.0,04/15/2020,1.95775306224823
844,2020,4,22,04/22/2020,1587513600,1.5364400148391724,75.0,04/22/2020,1.5364400148391724
845,2020,4,29,04/29/2020,1588118400,0.263823926448822,75.0,04/29/2020,0.263823926448822
846,2020,5,6,05/06/2020,1588723200,-0.637538492679596,75.0,05/06/2020,-0.637538492679596
847,2020,5,13,05/13/2020,1589328000,-0.034571293741464615,75.0,05/13/2020,-0.034571293741464615
848,2020,5,20,05/20/2020,1589932800,0.21028178930282593,75.0,05/20/2020,0.21028178930282593
849,2020,5,27,05/27/2020,1590537600,1.5605207681655884,75.0,05/27/2020,1.5605207681655884
850,2020,6,3,06/03/2020,1591142400,1.7692184448242188,75.0,06/03/2020,1.7692184448242188
851,2020,6,10,06/10/2020,1591747200,2.083189010620117,75.0,06/10/2020,2.083189010620117
852,2020,6,17,06/17/2020,1592352000,2.779517650604248,75.0,06/17/2020,2.779517650604248
853,2020,6,24,06/24/2020,1592956800,1.8293380737304688,75.0,06/24/2020,1.8293380737304688
854,2020,7,1,07/01/2020,1593561600,2.231551170349121,75.0,07/01/2020,2.231551170349121
855,2020,7,8,07/08/2020,1594166400,2.698131561279297,75.0,07/08/2020,2.698131561279297
856,2020,7,15,07/15/2020,1594771200,2.498663902282715,75.0,07/15/2020,2.498663902282715
857,2020,7,22,07/22/2020,1595376000,1.351341962814331,75.0,07/22/2020,1.351341962814331
858,2020,7,29,07/29/2020,1595980800,0.9746866226196289,75.0,07/29/2020,0.9746866226196289
859,2020,8,5,08/05/2020,1596585600,0.3021736741065979,75.0,08/05/2020,0.3021736741065979
860,2020,8,12,08/12/2020,1597190400,-0.4335439205169678,75.0,08/12/2020,-0.4335439205169678
861,2020,8,19,08/19/2020,1597795200,-0.12864841520786285,75.0,08/19/2020,-0.12864841520786285
862,2020,8,26,08/26/2020,1598400000,-0.5674472451210022,75.0,08/26/2020,-0.5674472451210022
863,2020,9,2,09/02/2020,1599004800,0.21036496758460999,75.0,09/02/2020,0.21036496758460999
864,2020,9,9,09/09/2020,1599609600,-0.14822080731391907,75.0,09/09/2020,-0.14822080731391907
865,2020,9,16,09/16/2020,1600214400,-0.042682893574237823,75.0,09/16/2020,-0.042682893574237823
866,2020,9,23,09/23/2020,1600819200,0.1623072326183319,75.0,09/23/2020,0.1623072326183319
867,2020,9,30,09/30/2020,1601424000,-0.7336181402206421,75.0,09/30/2020,-0.7336181402206421
868,2020,10,7,10/07/2020,1602028800,0.14619438350200653,75.0,10/07/2020,0.14619438350200653
869,2020,10,14,10/14/2020,1602633600,0.47097542881965637,75.0,10/14/2020,0.47097542881965637
870,2020,10,21,10/21/2020,1603238400,0.5456578731536865,75.0,10/21/2020,0.5456578731536865
871,2020,10,28,10/28/2020,1603843200,1.8443505764007568,75.0,10/28/2020,1.8443505764007568
872,2020,11,4,11/04/2020,1604448000,1.6688801050186157,75.0,11/04/2020,1.6688801050186157
873,2020,11,11,11/11/2020,1605052800,1.7224124670028687,75.0,11/11/2020,1.7224124670028687
874,2020,11,18,11/18/2020,1605657600,1.3600183725357056,75.0,11/18/2020,1.3600183725357056
875,2020,11,25,11/25/2020,1606262400,0.9633662104606628,75.0,11/25/2020,0.9633662104606628
876,2020,12,2,12/02/2020,1606867200,0.6007412075996399,75.0,12/02/2020,0.6007412075996399
877,2020,12,4,12/04/2020,1607040000,0.9215385913848877,0.0,12/04/2020,0.9215385913848877
878,2020,12,11,12/11/2020,1607644800,0.7049251794815063,0.0,12/11/2020,0.7049251794815063
879,2020,12,18,12/18/2020,1608249600,0.31227177381515503,0.0,12/18/2020,0.31227177381515503
880,2020,12,25,12/25/2020,1608854400,0.26669594645500183,0.0,12/25/2020,0.26669594645500183
881,2021,1,1,01/01/2021,1609459200,-0.16506096720695496,0.0,01/01/2021,-0.16506096720695496
882,2021,1,8,01/08/2021,1610064000,-0.7245317697525024,0.0,01/08/2021,-0.7245317697525024
883,2021,1,15,01/15/2021,1610668800,-0.33817189931869507,0.0,01/15/2021,-0.33817189931869507
884,2021,1,22,01/22/2021,1611273600,-0.41405102610588074,0.0,01/22/2021,-0.41405102610588074
885,2021,1,29,01/29/2021,1611878400,0.5691502690315247,0.0,01/29/2021,0.5691502690315247
886,2021,2,5,02/05/2021,1612483200,0.5680094957351685,0.0,02/05/2021,0.5680094957351685
887,2021,2,12,02/12/2021,1613088000,0.5063768029212952,0.0,02/12/2021,0.5063768029212952
888,2021,2,19,02/19/2021,1613692800,0.8948110342025757,0.0,02/19/2021,0.8948110342025757
889,2021,2,26,02/26/2021,1614297600,0.571256160736084,0.0,02/26/2021,0.571256160736084
890,2021,3,5,03/05/2021,1614902400,0.6926414370536804,0.0,03/05/2021,0.6926414370536804
891,2021,3,12,03/12/2021,1615507200,0.16993795335292816,0.0,03/12/2021,0.16993795335292816
892,2021,3,19,03/19/2021,1616112000,-0.013553336262702942,0.0,03/19/2021,-0.013553336262702942
893,2021,3,26,03/26/2021,1616716800,-0.30542999505996704,0.0,03/26/2021,-0.30542999505996704
894,2021,4,2,04/02/2021,1617321600,0.11973191797733307,0.0,04/02/2021,0.11973191797733307
895,2021,4,9,04/09/2021,1617926400,-0.19939015805721283,0.0,04/09/2021,-0.19939015805721283
896,2021,4,16,04/16/2021,1618531200,-0.8821139335632324,0.0,04/16/2021,-0.8821139335632324
897,2021,4,23,04/23/2021,1619136000,-0.8821839094161987,0.0,04/23/2021,-0.8821839094161987
898,2021,4,30,04/30/2021,1619740800,-2.056725263595581,0.0,04/30/2021,-2.056725263595581
899,2021,5,7,05/07/2021,1620345600,-2.63960599899292,0.0,05/07/2021,-2.63960599899292
900,2021,5,14,05/14/2021,1620950400,-3.074122428894043,0.0,05/14/2021,-3.074122428894043
901,2021,5,21,05/21/2021,1621555200,-2.8400745391845703,0.0,05/21/2021,-2.8400745391845703
902,2021,5,28,05/28/2021,1622160000,-2.1730494499206543,0.0,05/28/2021,-2.1730494499206543
903,2021,6,4,06/04/2021,1622764800,-2.4116404056549072,0.0,06/04/2021,-2.4116404056549072
904,2021,6,11,06/11/2021,1623369600,-0.6974120736122131,0.0,06/11/2021,-0.6974120736122131
905,2021,6,18,06/18/2021,1623974400,-0.4759560823440552,0.0,06/18/2021,-0.4759560823440552
906,2021,6,25,06/25/2021,1624579200,-0.22145305573940277,0.0,06/25/2021,-0.22145305573940277
907,2021,7,2,07/02/2021,1625184000,-0.488893061876297,0.0,07/02/2021,-0.488893061876297
908,2021,7,9,07/09/2021,1625788800,-1.5720088481903076,0.0,07/09/2021,-1.5720088481903076
909,2021,7,16,07/16/2021,1626393600,-2.1756303310394287,0.0,07/16/2021,-2.1756303310394287
910,2021,7,23,07/23/2021,1626998400,-1.7762608528137207,0.0,07/23/2021,-1.7762608528137207
911,2021,7,30,07/30/2021,1627603200,-1.446425437927246,0.0,07/30/2021,-1.446425437927246
912,2021,8,6,08/06/2021,1628208000,-1.5106818675994873,0.0,08/06/2021,-1.5106818675994873
913,2021,8,13,08/13/2021,1628812800,-0.7866839170455933,0.0,08/13/2021,-0.7866839170455933
914,2021,8,20,08/20/2021,1629417600,-0.17053267359733582,0.0,08/20/2021,-0.17053267359733582
915,2021,8,27,08/27/2021,1630022400,0.46701565384864807,0.0,08/27/2021,0.46701565384864807
916,2021,9,3,09/03/2021,1630627200,0.9918554425239563,0.0,09/03/2021,0.9918554425239563
917,2021,9,10,09/10/2021,1631232000,0.6214839220046997,0.0,09/10/2021,0.6214839220046997
918,2021,9,17,09/17/2021,1631836800,0.6435331106185913,0.0,09/17/2021,0.6435331106185913
919,2021,9,24,09/24/2021,1632441600,0.4197610020637512,0.0,09/24/2021,0.4197610020637512
920,2021,10,1,10/01/2021,1633046400,1.3538086414337158,0.0,10/01/2021,1.3538086414337158
921,2021,10,8,10/08/2021,1633651200,0.868398129940033,0.0,10/08/2021,0.868398129940033
922,2021,10,15,10/15/2021,1634256000,-0.16946963965892792,0.0,10/15/2021,-0.16946963965892792
923,2021,10,22,10/22/2021,1634860800,-0.4435175061225891,0.0,10/22/2021,-0.4435175061225891
924,2021,10,29,10/29/2021,1635465600,-0.4301868677139282,0.0,10/29/2021,-0.4301868677139282
925,2021,11,5,11/05/2021,1636070400,-0.5406063199043274,0.0,11/05/2021,-0.5406063199043274
926,2021,11,12,11/12/2021,1636675200,-1.1935126781463623,0.0,11/12/2021,-1.1935126781463623
927,2021,11,26,11/26/2021,1637884800,-0.9321969151496887,0.0,11/26/2021,-0.9321969151496887
928,2021,12,4,12/04/2021,1638576000,-0.6554960012435913,0.0,12/04/2021,-0.6554960012435913
929,2021,12,11,12/11/2021,1639180800,-0.15600676834583282,0.0,12/11/2021,-0.15600676834583282
930,2021,12,18,12/18/2021,1639785600,0.2598545551300049,0.0,12/18/2021,0.2598545551300049
931,2021,12,25,12/25/2021,1640390400,1.0801018476486206,0.0,12/25/2021,1.0801018476486206
932,2022,1,1,01/01/2022,1640995200,0.1205957680940628,0.0,01/01/2022,0.1205957680940628
933,2022,1,8,01/08/2022,1641600000,0.5234130024909973,0.0,01/08/2022,0.5234130024909973
934,2022,1,15,01/15/2022,1642204800,0.7979305386543274,0.0,01/15/2022,0.7979305386543274
935,2022,1,22,01/22/2022,1642809600,0.7962440252304077,0.0,01/22/2022,0.7962440252304077
936,2022,1,29,01/29/2022,1643414400,1.676222801208496,0.0,01/29/2022,1.676222801208496
937,2022,2,5,02/05/2022,1644019200,2.103882074356079,0.0,02/05/2022,2.103882074356079
938,2022,2,12,02/12/2022,1644624000,1.9353021383285522,0.0,02/12/2022,1.9353021383285522
939,2022,2,19,02/19/2022,1645228800,2.687725782394409,0.0,02/19/2022,2.687725782394409
940,2022,2,26,02/26/2022,1645833600,2.699913501739502,0.0,02/26/2022,2.699913501739502
941,2022,3,5,03/05/2022,1646438400,2.296621561050415,0.0,03/05/2022,2.296621561050415
942,2022,3,12,03/12/2022,1647043200,2.6943039894104004,0.0,03/12/2022,2.6943039894104004
943,2022,3,19,03/19/2022,1647648000,2.542301654815674,0.0,03/19/2022,2.542301654815674
944,2022,3,26,03/26/2022,1648252800,2.7538671493530273,0.0,03/26/2022,2.7538671493530273
945,2022,4,2,04/02/2022,1648857600,2.447721004486084,0.0,04/02/2022,2.447721004486084
946,2022,4,9,04/09/2022,1649462400,1.447435736656189,0.0,04/09/2022,1.447435736656189
947,2022,4,16,04/16/2022,1650067200,0.449529230594635,0.0,04/16/2022,0.449529230594635
948,2022,4,23,04/23/2022,1650672000,1.0383243560791016,0.0,04/23/2022,1.0383243560791016
949,2022,4,30,04/30/2022,1651276800,0.7261271476745605,0.0,04/30/2022,0.7261271476745605
950,2022,5,7,05/07/2022,1651881600,1.0622591972351074,0.0,05/07/2022,1.0622591972351074
951,2022,5,14,05/14/2022,1652486400,-0.5429182052612305,75.0,05/14/2022,-0.5429182052612305
952,2022,5,21,05/21/2022,1653091200,-0.3552841544151306,75.0,05/21/2022,-0.3552841544151306
953,2022,5,28,05/28/2022,1653696000,0.08414160460233688,75.0,05/28/2022,0.08414160460233688
954,2022,6,4,06/04/2022,1654300800,0.36957934498786926,75.0,06/04/2022,0.36957934498786926
955,2022,6,11,06/11/2022,1654905600,0.5603095293045044,75.0,06/11/2022,0.5603095293045044
956,2022,6,18,06/18/2022,1655510400,0.5508809685707092,75.0,06/18/2022,0.5508809685707092
957,2022,6,25,06/25/2022,1656115200,0.675815224647522,75.0,06/25/2022,0.675815224647522
958,2022,7,2,07/02/2022,1656720000,0.5785574316978455,75.0,07/02/2022,0.5785574316978455
959,2022,7,9,07/09/2022,1657324800,0.8743554353713989,75.0,07/09/2022,0.8743554353713989
960,2022,7,16,07/16/2022,1657929600,0.8562036156654358,75.0,07/16/2022,0.8562036156654358
961,2022,7,23,07/23/2022,1658534400,0.7095195651054382,75.0,07/23/2022,0.7095195651054382
962,2022,7,30,07/30/2022,1659139200,0.5374228954315186,75.0,07/30/2022,0.5374228954315186
963,2022,8,6,08/06/2022,1659744000,0.6748777627944946,75.0,08/06/2022,0.6748777627944946
964,2022,8,13,08/13/2022,1660348800,0.7164412140846252,75.0,08/13/2022,0.7164412140846252
965,2022,8,20,08/20/2022,1660953600,0.7050771713256836,75.0,08/20/2022,0.7050771713256836
966,2022,8,27,08/27/2022,1661558400,0.5511007308959961,75.0,08/27/2022,0.5511007308959961
967,2022,9,3,09/03/2022,1662163200,0.8121654391288757,75.0,09/03/2022,0.8121654391288757
968,2022,9,10,09/10/2022,1662768000,0.6975556015968323,75.0,09/10/2022,0.6975556015968323
969,2022,9,17,09/17/2022,1663372800,0.7587116956710815,75.0,09/17/2022,0.7587116956710815
970,2022,9,24,09/24/2022,1663977600,0.2992555499076843,75.0,09/24/2022,0.2992555499076843
971,2022,10,1,10/01/2022,1664582400,0.10706184804439545,75.0,10/01/2022,0.10706184804439545
972,2022,10,8,10/08/2022,1665187200,0.07183591276407242,75.0,10/08/2022,0.07183591276407242
973,2022,10,15,10/15/2022,1665792000,0.2684449255466461,75.0,10/15/2022,0.2684449255466461
974,2022,10,22,10/22/2022,1666396800,0.20708586275577545,75.0,10/22/2022,0.20708586275577545
975,2022,10,29,10/29/2022,1667001600,0.0457821749150753,75.0,10/29/2022,0.0457821749150753
976,2022,11,5,11/05/2022,1667606400,0.003656704444438219,75.0,11/05/2022,0.003656704444438219
977,2022,11,12,11/12/2022,1668211200,0.13865973055362701,75.0,11/12/2022,0.13865973055362701
978,2022,11,19,11/19/2022,1668816000,-0.0034104734659194946,75.0,11/19/2022,-0.0034104734659194946
979,2022,11,26,11/26/2022,1669420800,-0.17424535751342773,75.0,11/26/2022,-0.17424535751342773
980,2022,12,3,12/03/2022,1670025600,-0.12689846754074097,75.0,12/03/2022,-0.12689846754074097
981,2022,12,4,12/04/2022,1670112000,-0.1825425922870636,75.0,12/04/2022,-0.1825425922870636
982,2022,12,11,12/11/2022,1670716800,-0.34770137071609497,75.0,12/11/2022,-0.34770137071609497
983,2022,12,18,12/18/2022,1671321600,-0.4213121235370636,75.0,12/18/2022,-0.4213121235370636
984,2022,12,25,12/25/2022,1671926400,-0.364664763212204,75.0,12/25/2022,-0.364664763212204
985,2023,1,1,01/01/2023,1672531200,-0.5304680466651917,75.0,01/01/2023,-0.5304680466651917
986,2023,1,8,01/08/2023,1673136000,-0.4450908601284027,75.0,01/08/2023,-0.4450908601284027
987,2023,1,15,01/15/2023,1673740800,-0.5295912623405457,75.0,01/15/2023,-0.5295912623405457
988,2023,1,22,01/22/2023,1674345600,-0.5496874451637268,75.0,01/22/2023,-0.5496874451637268
989,2023,1,29,01/29/2023,1674950400,-0.3132390081882477,75.0,01/29/2023,-0.3132390081882477
990,2023,2,5,02/05/2023,1675555200,-0.2369585633277893,75.0,02/05/2023,-0.2369585633277893
991,2023,2,12,02/12/2023,1676160000,-0.4002048969268799,75.0,02/12/2023,-0.4002048969268799
992,2023,2,19,02/19/2023,1676764800,-0.6261189579963684,75.0,02/19/2023,-0.6261189579963684
993,2023,2,26,02/26/2023,1677369600,-0.6384352445602417,75.0,02/26/2023,-0.6384352445602417
994,2023,3,5,03/05/2023,1677974400,-0.6852215528488159,75.0,03/05/2023,-0.6852215528488159
995,2023,3,12,03/12/2023,1678579200,-0.5894932150840759,75.0,03/12/2023,-0.5894932150840759
996,2023,3,19,03/19/2023,1679184000,-0.1782359778881073,75.0,03/19/2023,-0.1782359778881073
997,2023,3,26,03/26/2023,1679788800,-0.26387467980384827,75.0,03/26/2023,-0.26387467980384827
998,2023,4,2,04/02/2023,1680393600,-0.34523335099220276,75.0,04/02/2023,-0.34523335099220276
999,2023,4,9,04/09/2023,1680998400,-0.4951641857624054,75.0,04/09/2023,-0.4951641857624054
1000,2023,4,16,04/16/2023,1681603200,-0.7517911791801453,75.0,04/16/2023,-0.7517911791801453
1001,2023,4,23,04/23/2023,1682208000,-0.6482749581336975,75.0,04/23/2023,-0.6482749581336975
1002,2023,4,30,04/30/2023,1682812800,-0.6490328311920166,75.0,04/30/2023,-0.6490328311920166
1003,2023,5,7,05/07/2023,1683417600,-0.3705810308456421,75.0,05/07/2023,-0.3705810308456421
1004,2023,5,14,05/14/2023,1684022400,-0.0859207734465599,75.0,05/14/2023,-0.0859207734465599
1005,2023,5,21,05/21/2023,1684627200,-0.308459997177124,75.0,05/21/2023,-0.308459997177124
1006,2023,5,28,05/28/2023,1685232000,0.029638532549142838,75.0,05/28/2023,0.029638532549142838
1007,2023,6,4,06/04/2023,1685836800,0.07551062107086182,75.0,06/04/2023,0.07551062107086182
1008,2023,6,11,06/11/2023,1686441600,-0.00509626604616642,75.0,06/11/2023,-0.00509626604616642
1009,2023,6,18,06/18/2023,1687046400,-0.20609457790851593,75.0,06/18/2023,-0.20609457790851593
1010,2023,6,25,06/25/2023,1687651200,-0.306630402803421,75.0,06/25/2023,-0.306630402803421
1011,2023,7,2,07/02/2023,1688256000,-0.446127325296402,75.0,07/02/2023,-0.446127325296402
1012,2023,7,9,07/09/2023,1688860800,-0.4077974855899811,75.0,07/09/2023,-0.4077974855899811
1013,2023,7,16,07/16/2023,1689465600,-0.3557627201080322,75.0,07/16/2023,-0.3557627201080322
1014,2023,7,23,07/23/2023,1690070400,-0.1526205688714981,75.0,07/23/2023,-0.1526205688714981
1015,2023,7,30,07/30/2023,1690675200,-0.17913641035556793,75.0,07/30/2023,-0.17913641035556793
1016,2023,8,6,08/06/2023,1691280000,-0.11264396458864212,75.0,08/06/2023,-0.11264396458864212
1017,2023,8,13,08/13/2023,1691884800,-0.29717230796813965,75.0,08/13/2023,-0.29717230796813965
1018,2023,8,20,08/20/2023,1692489600,-0.4025675654411316,75.0,08/20/2023,-0.4025675654411316
1019,2023,8,27,08/27/2023,1693094400,-0.19758769869804382,75.0,08/27/2023,-0.19758769869804382
1020,2023,9,3,09/03/2023,1693699200,0.2613152265548706,75.0,09/03/2023,0.2613152265548706
1021,2023,9,10,09/10/2023,1694304000,0.25676873326301575,75.0,09/10/2023,0.25676873326301575
1022,2023,9,17,09/17/2023,1694908800,0.4560242295265198,75.0,09/17/2023,0.4560242295265198
1023,2023,9,24,09/24/2023,1695513600,0.43735945224761963,75.0,09/24/2023,0.43735945224761963
1024,2023,10,1,10/01/2023,1696118400,0.20588400959968567,75.0,10/01/2023,0.20588400959968567
1025,2023,10,8,10/08/2023,1696723200,-0.13198603689670563,75.0,10/08/2023,-0.13198603689670563
1026,2023,10,15,10/15/2023,1697328000,-0.17521558701992035,75.0,10/15/2023,-0.17521558701992035
1027,2023,10,22,10/22/2023,1697932800,-0.22033175826072693,75.0,10/22/2023,-0.22033175826072693
1028,2023,10,29,10/29/2023,1698537600,-0.029125740751624107,75.0,10/29/2023,-0.029125740751624107
1029,2023,11,5,11/05/2023,1699142400,-0.5178185105323792,75.0,11/05/2023,-0.5178185105323792
1030,2023,11,12,11/12/2023,1699747200,-0.7174721956253052,75.0,11/12/2023,-0.7174721956253052
1031,2023,11,19,11/19/2023,1700352000,-0.8582583665847778,75.0,11/19/2023,-0.8582583665847778
1032,2023,11,26,11/26/2023,1700956800,-0.7381791472434998,75.0,11/26/2023,-0.7381791472434998
1033,2023,12,3,12/03/2023,1701561600,-1.0063027143478394,75.0,12/03/2023,-1.0063027143478394
1034,2023,12,11,12/11/2023,1702252800,-1.1594440937042236,75.0,12/11/2023,-1.1594440937042236
1035,2023,12,18,12/18/2023,1702857600,-0.7112240195274353,75.0,12/18/2023,-0.7112240195274353
1036,2023,12,25,12/25/2023,1703462400,-0.4623304605484009,75.0,12/25/2023,-0.4623304605484009
